doc_id,id,mid1,mid2,word1,word2,rel,is_correct
APW_ENG_20071126.1239.LDC2009T13,285060,APW_ENG_20071126.1239.LDC2009T13_2505_2508,APW_ENG_20071126.1239.LDC2009T13_2483_2490,lee,samsung,per:employee_or_member_of,t
NYT_ENG_20070215.0017.LDC2009T13,140993,NYT_ENG_20070215.0017.LDC2009T13_2733_2765,NYT_ENG_20070215.0017.LDC2009T13_2774_2786,bay area laboratory co-operative,victor conte,org:founded_by,t
eng-WL-11-174595-12968566,305857,eng-WL-11-174595-12968566_802_814,eng-WL-11-174595-12968566_648_655,jamie spears,britney,per:children,t
AFP_ENG_20070504.0397.LDC2009T13,127751,AFP_ENG_20070504.0397.LDC2009T13_593_604,AFP_ENG_20070504.0397.LDC2009T13_583_592,raul castro,president,per:title,t
NYT_ENG_20081215.0225.LDC2009T13,87990,NYT_ENG_20081215.0225.LDC2009T13_633_647,NYT_ENG_20081215.0225.LDC2009T13_488_492,bernard madoff,mark,per:children,t
CNA_ENG_20071102.0005.LDC2009T13,311073,CNA_ENG_20071102.0005.LDC2009T13_2498_2510,CNA_ENG_20071102.0005.LDC2009T13_2604_2613,jimmy carter,president,per:title,t
eng-WL-11-174589-12939508,245460,eng-WL-11-174589-12939508_514_526,eng-WL-11-174589-12939508_537_550,heidi montag,spencer pratt,per:spouse,t
eng-WL-11-174572-12948080,160809,eng-WL-11-174572-12948080_499_511,eng-WL-11-174572-12948080_550_562,heidi montag,holly montag,per:siblings,t
NYT_ENG_20080418.0011.LDC2009T13,245428,NYT_ENG_20080418.0011.LDC2009T13_961_964,NYT_ENG_20080418.0011.LDC2009T13_949_956,lee,samsung,per:employee_or_member_of,t
AFP_ENG_20080519.0135.LDC2009T13,253976,AFP_ENG_20080519.0135.LDC2009T13_2110_2121,AFP_ENG_20080519.0135.LDC2009T13_2187_2199,raul castro,fidel castro,per:siblings,t
eng-WL-11-174595-12968178,311090,eng-WL-11-174595-12968178_788_803,eng-WL-11-174595-12968178_847_854,kevin federline,britney,per:spouse,t
eng-WL-11-174598-12964778,191035,eng-WL-11-174598-12964778_63866_63873,eng-WL-11-174598-12964778_63943_63948,natalie,avner,per:parents,t
AFP_ENG_20070525.0016.LDC2009T13,87980,AFP_ENG_20070525.0016.LDC2009T13_709_722,AFP_ENG_20070525.0016.LDC2009T13_630_639,hosni mubarak,president,per:title,t
eng-WL-11-174589-12939508,245394,eng-WL-11-174589-12939508_205_217,eng-WL-11-174589-12939508_221_234,heidi montag,spencer pratt,per:spouse,t
eng-WL-11-174589-12939508,245405,eng-WL-11-174589-12939508_690_697,eng-WL-11-174589-12939508_683_688,spencer,heidi,per:spouse,t
APW_ENG_20080904.0306.LDC2009T13,115322,APW_ENG_20080904.0306.LDC2009T13_4508_4522,APW_ENG_20080904.0306.LDC2009T13_4540_4549,agostinho neto,president,per:title,t
eng-WL-11-174595-12967912,191029,eng-WL-11-174595-12967912_4424_4441,eng-WL-11-174595-12967912_4446_4458,michelle williams,heath ledger,per:spouse,t
AFP_ENG_20070612.0483.LDC2009T13,140990,AFP_ENG_20070612.0483.LDC2009T13_685_697,AFP_ENG_20070612.0483.LDC2009T13_736_745,fidel castro,president,per:title,t
NYT_ENG_20070416.0087.LDC2009T13,229850,NYT_ENG_20070416.0087.LDC2009T13_264_277,NYT_ENG_20070416.0087.LDC2009T13_255_263,mike huckabee,governor,per:title,t
eng-WL-11-174595-12967377,260573,eng-WL-11-174595-12967377_1358_1370,eng-WL-11-174595-12967377_1291_1308,jamie spears,jamie lynn spears,per:children,t
AFP_ENG_20071002.0041.LDC2009T13,47022,AFP_ENG_20071002.0041.LDC2009T13_3056_3068,AFP_ENG_20071002.0041.LDC2009T13_3046_3055,fidel castro,president,per:title,t
eng-WL-11-174595-12968571,331705,eng-WL-11-174595-12968571_18589_18596,eng-WL-11-174595-12968571_18601_18609,michael,jennifer,per:spouse,t
eng-NG-31-100029-10771470,311083,eng-NG-31-100029-10771470_1392_1406,eng-NG-31-100029-10771470_1431_1446,britney spears,kevin federline,per:spouse,t
APW_ENG_20080417.0678.LDC2009T13,265977,APW_ENG_20080417.0678.LDC2009T13_4454_4457,APW_ENG_20080417.0678.LDC2009T13_4407_4414,lee,samsung,per:employee_or_member_of,t
eng-WL-11-174587-12962628,253984,eng-WL-11-174587-12962628_372_384,eng-WL-11-174587-12962628_389_402,heidi montag,spencer pratt,per:spouse,t
eng-NG-31-143446-10242382,36282,eng-NG-31-143446-10242382_1940_1954,eng-NG-31-143446-10242382_1930_1939,george w. bush,president,per:title,t
AFP_ENG_20070525.0016.LDC2009T13,87941,AFP_ENG_20070525.0016.LDC2009T13_11129_11141,AFP_ENG_20070525.0016.LDC2009T13_11098_11107,moshe katsav,president,per:title,t
APW_ENG_20070103.0042.LDC2009T13,108662,APW_ENG_20070103.0042.LDC2009T13_627_638,APW_ENG_20070103.0042.LDC2009T13_669_680,guy ritchie,david banda,per:children,t
eng-WL-11-174594-12961460,153748,eng-WL-11-174594-12961460_439_444,eng-WL-11-174594-12961460_342_356,jamie,britney spears,per:siblings,t
eng-WL-11-174595-12968491,32433,eng-WL-11-174595-12968491_8433_8442,eng-WL-11-174595-12968491_8361_8367,brad pitt,zahara,per:children,t
APW_ENG_20071116.0532.LDC2009T13,340497,APW_ENG_20071116.0532.LDC2009T13_5846_5849,APW_ENG_20071116.0532.LDC2009T13_5918_5925,lee,samsung,per:employee_or_member_of,t
APW_ENG_20081224.0787.LDC2009T13,36269,APW_ENG_20081224.0787.LDC2009T13_3635_3647,APW_ENG_20081224.0787.LDC2009T13_3652_3661,barack obama,president,per:title,t
APW_ENG_20070103.0042.LDC2009T13,108668,APW_ENG_20070103.0042.LDC2009T13_669_680,APW_ENG_20070103.0042.LDC2009T13_627_638,david banda,guy ritchie,per:parents,t
APW_ENG_20071116.1329.LDC2009T13,319667,APW_ENG_20071116.1329.LDC2009T13_5872_5875,APW_ENG_20071116.1329.LDC2009T13_5944_5951,lee,samsung,per:employee_or_member_of,t
APW_ENG_20070930.0077.LDC2009T13,289333,APW_ENG_20070930.0077.LDC2009T13_1232_1243,APW_ENG_20070930.0077.LDC2009T13_1287_1295,mitt romney,governor,per:title,t
eng-WL-11-174611-12973545,136371,eng-WL-11-174611-12973545_369_382,eng-WL-11-174611-12973545_326_339,vince mcmahon,linda mcmahon,per:spouse,t
APW_ENG_20070925.0234.LDC2009T13,326040,APW_ENG_20070925.0234.LDC2009T13_4681_4695,APW_ENG_20070925.0234.LDC2009T13_4726_4735,george w. bush,president,per:title,t
NYT_ENG_20080422.0012.LDC2009T13,229821,NYT_ENG_20080422.0012.LDC2009T13_4496_4499,NYT_ENG_20080422.0012.LDC2009T13_4470_4477,lee,samsung,per:employee_or_member_of,t
XIN_ENG_20080429.0143.LDC2009T13,59290,XIN_ENG_20080429.0143.LDC2009T13_395_406,XIN_ENG_20080429.0143.LDC2009T13_291_302,adan chavez,hugo chavez,per:siblings,t
eng-WL-11-174595-12968036,174565,eng-WL-11-174595-12968036_4160_4172,eng-WL-11-174595-12968036_4149_4155,tina knowles,mathew,per:spouse,t
XIN_ENG_20071230.0008.LDC2009T13,203729,XIN_ENG_20071230.0008.LDC2009T13_631_643,XIN_ENG_20071230.0008.LDC2009T13_659_668,fidel castro,president,per:title,t
APW_ENG_20071219.1088.LDC2009T13,238879,APW_ENG_20071219.1088.LDC2009T13_1485_1499,APW_ENG_20071219.1088.LDC2009T13_1527_1539,britney spears,lynne spears,per:parents,t
APW_ENG_20070105.0716.LDC2009T13,174590,APW_ENG_20070105.0716.LDC2009T13_562_581,APW_ENG_20070105.0716.LDC2009T13_552_561,mahmoud ahmadinejad,president,per:title,t
XIN_ENG_20080224.0266.LDC2009T13,278145,XIN_ENG_20080224.0266.LDC2009T13_431_442,XIN_ENG_20080224.0266.LDC2009T13_459_468,raul castro,president,per:title,t
APW_ENG_20080202.0818.LDC2009T13,13,APW_ENG_20080202.0818.LDC2009T13_2279_2291,APW_ENG_20080202.0818.LDC2009T13_2296_2309,heidi montag,spencer pratt,per:spouse,t
eng-WL-11-174595-12968465,319686,eng-WL-11-174595-12968465_7218_7229,eng-WL-11-174595-12968465_7192_7205,keith urban,nicole kidman,per:spouse,t
NYT_ENG_20080718.0119.LDC2009T13,245446,NYT_ENG_20080718.0119.LDC2009T13_2826_2853,NYT_ENG_20080718.0119.LDC2009T13_2864_2878,american family association,donald wildmon,org:founded_by,t
APW_ENG_20070124.0836.LDC2009T13,238884,APW_ENG_20070124.0836.LDC2009T13_2541_2552,APW_ENG_20070124.0836.LDC2009T13_2576_2587,guy ritchie,david banda,per:children,t
APW_ENG_20070910.1469.LDC2009T13,147052,APW_ENG_20070910.1469.LDC2009T13_802_816,APW_ENG_20070910.1469.LDC2009T13_792_801,george w. bush,president,per:title,t
eng-WL-11-174594-12961460,153750,eng-WL-11-174594-12961460_1352_1359,eng-WL-11-174594-12961460_1422_1432,britney,jamie lynn,per:siblings,t
eng-WL-11-174594-12963522,26637,eng-WL-11-174594-12963522_1944_1954,eng-WL-11-174594-12963522_1975_1989,jamie lynn,britney spears,per:siblings,t
AFP_ENG_20071021.0019.LDC2009T13,260549,AFP_ENG_20071021.0019.LDC2009T13_2257_2268,AFP_ENG_20071021.0019.LDC2009T13_2201_2206,raul castro,fidel,per:siblings,t
AFP_ENG_20071021.0019.LDC2009T13,260606,AFP_ENG_20071021.0019.LDC2009T13_3148_3162,AFP_ENG_20071021.0019.LDC2009T13_3138_3147,george w. bush,president,per:title,t
eng-WL-11-174572-12950301,217551,eng-WL-11-174572-12950301_3207_3220,eng-WL-11-174572-12950301_3190_3205,spencer pratt,stephanie pratt,per:siblings,t
AFP_ENG_20081210.0097.LDC2009T13,87994,AFP_ENG_20081210.0097.LDC2009T13_746_757,AFP_ENG_20081210.0097.LDC2009T13_736_745,hugo chavez,president,per:title,t
AFP_ENG_20070110.0311.LDC2009T13,319660,AFP_ENG_20070110.0311.LDC2009T13_252_263,AFP_ENG_20070110.0311.LDC2009T13_242_251,hugo chavez,president,per:title,t
eng-NG-31-100705-11214639,265961,eng-NG-31-100705-11214639_159_170,eng-NG-31-100705-11214639_183_192,raul castro,president,per:title,t
eng-WL-11-174595-12967831,331708,eng-WL-11-174595-12967831_303_317,eng-WL-11-174595-12967831_446_461,britney spears,kevin federline,per:spouse,t
eng-WL-11-174595-12967831,331686,eng-WL-11-174595-12967831_4091_4107,eng-WL-11-174595-12967831_4068_4079,vanessa minnillo,nick lachey,per:spouse,t
NYT_ENG_20070225.0179.LDC2009T13,272905,NYT_ENG_20070225.0179.LDC2009T13_2059_2072,NYT_ENG_20070225.0179.LDC2009T13_1983_1994,michael buble,emily blunt,per:spouse,t
AFP_ENG_20070123.0746.LDC2009T13,108674,AFP_ENG_20070123.0746.LDC2009T13_260_272,AFP_ENG_20070123.0746.LDC2009T13_250_259,fidel castro,president,per:title,t
eng-NG-31-142161-10036583,127761,eng-NG-31-142161-10036583_1029_1040,eng-NG-31-142161-10036583_1019_1028,raul castro,president,per:title,t
eng-WL-11-174595-12968511,289329,eng-WL-11-174595-12968511_3165_3172,eng-WL-11-174595-12968511_3197_3207,britney,jamie lynn,per:siblings,t
eng-WL-107-174567-12931828,136360,eng-WL-107-174567-12931828_2662_2677,eng-WL-107-174567-12931828_2583_2590,kevin federline,britney,per:spouse,t
APW_ENG_20071012.0854.LDC2009T13,297294,APW_ENG_20071012.0854.LDC2009T13_642_654,APW_ENG_20071012.0854.LDC2009T13_656_671,armin jordan,philippe jordan,per:children,t
APW_ENG_20070504.0122.LDC2009T13,265980,APW_ENG_20070504.0122.LDC2009T13_1509_1523,APW_ENG_20070504.0122.LDC2009T13_1499_1508,george w. bush,president,per:title,t
APW_ENG_20081124.0148.LDC2009T13,136361,APW_ENG_20081124.0148.LDC2009T13_295_306,APW_ENG_20081124.0148.LDC2009T13_285_294,hugo chavez,president,per:title,t
eng-WL-105-174565-12930839,311077,eng-WL-105-174565-12930839_681_693,eng-WL-105-174565-12930839_703_719,hank baskett,kendra wilkinson,per:spouse,t
APW_ENG_20071117.0115.LDC2009T13,245391,APW_ENG_20071117.0115.LDC2009T13_5289_5302,APW_ENG_20071117.0115.LDC2009T13_5193_5212,samsung group,samsung electronics,org:subsidiaries,t
APW_ENG_20071030.1158.LDC2009T13,285054,APW_ENG_20071030.1158.LDC2009T13_408_423,APW_ENG_20071030.1158.LDC2009T13_293_307,kevin federline,britney spears,per:spouse,t
APW_ENG_20070619.1479.LDC2009T13,169361,APW_ENG_20070619.1479.LDC2009T13_384_404,APW_ENG_20070619.1479.LDC2009T13_285_296,vilma espin guillois,raul castro,per:spouse,t
APW_ENG_20070212.0078.LDC2009T13,331684,APW_ENG_20070212.0078.LDC2009T13_1951_1962,APW_ENG_20070212.0078.LDC2009T13_2018_2033,cory booker,yale law school,per:schools_attended,t
NYT_ENG_20080921.0033.LDC2009T13,209771,NYT_ENG_20080921.0033.LDC2009T13_4644_4653,NYT_ENG_20080921.0033.LDC2009T13_4693_4702,citigroup,citigroup,org:subsidiaries,t
AFP_ENG_20080528.0550.LDC2009T13,285063,AFP_ENG_20080528.0550.LDC2009T13_443_462,AFP_ENG_20080528.0550.LDC2009T13_433_442,mahmoud ahmadinejad,president,per:title,t
APW_ENG_20080107.0632.LDC2009T13,209730,APW_ENG_20080107.0632.LDC2009T13_466_478,APW_ENG_20080107.0632.LDC2009T13_300_309,fidel castro,president,per:title,t
AFP_ENG_20070726.0371.LDC2009T13,169383,AFP_ENG_20070726.0371.LDC2009T13_258_269,AFP_ENG_20070726.0371.LDC2009T13_376_381,raul castro,fidel,per:siblings,t
AFP_ENG_20080801.0597.LDC2009T13,265994,AFP_ENG_20080801.0597.LDC2009T13_2330_2341,AFP_ENG_20080801.0597.LDC2009T13_2373_2382,raul castro,president,per:title,t
NYT_ENG_20070127.0098.LDC2009T13,278131,NYT_ENG_20070127.0098.LDC2009T13_1926_1937,NYT_ENG_20070127.0098.LDC2009T13_1908_1912,myles brand,ncaa,per:employee_or_member_of,t
AFP_ENG_20081228.0244.LDC2009T13,340490,AFP_ENG_20081228.0244.LDC2009T13_554_565,AFP_ENG_20081228.0244.LDC2009T13_666_678,raul castro,fidel castro,per:siblings,t
APW_ENG_20070118.0937.LDC2009T13,95664,APW_ENG_20070118.0937.LDC2009T13_1678_1691,APW_ENG_20070118.0937.LDC2009T13_1731_1747,jordin sparks,phillippi sparks,per:parents,t
eng-WL-107-174567-12932946,160827,eng-WL-107-174567-12932946_384_397,eng-WL-107-174567-12932946_360_375,spencer pratt,stephanie pratt,per:siblings,t
AFP_ENG_20071021.0019.LDC2009T13,260558,AFP_ENG_20071021.0019.LDC2009T13_1302_1307,AFP_ENG_20071021.0019.LDC2009T13_1249_1260,fidel,raul castro,per:siblings,t
eng-WL-11-174595-12968129,153798,eng-WL-11-174595-12968129_8559_8569,eng-WL-11-174595-12968129_8593_8607,jim carrey,jenny mccarthy,per:spouse,t
eng-WL-11-174595-12967989,191043,eng-WL-11-174595-12967989_4665_4682,eng-WL-11-174595-12967989_4726_4730,reese witherspoon,ryan,per:spouse,t
XIN_ENG_20080923.0285.LDC2009T13,297291,XIN_ENG_20080923.0285.LDC2009T13_414_423,XIN_ENG_20080923.0285.LDC2009T13_268_277,hu jintao,president,per:title,t
APW_ENG_20070925.0234.LDC2009T13,326042,APW_ENG_20070925.0234.LDC2009T13_11549_11564,APW_ENG_20070925.0234.LDC2009T13_11539_11548,nicolas sarkozy,president,per:title,t
APW_ENG_20080304.0789.LDC2009T13,238865,APW_ENG_20080304.0789.LDC2009T13_402_413,APW_ENG_20080304.0789.LDC2009T13_278_287,hugo chavez,president,per:title,t
NYT_ENG_20070215.0121.LDC2009T13,95658,NYT_ENG_20070215.0121.LDC2009T13_2695_2709,NYT_ENG_20070215.0121.LDC2009T13_2648_2664,george w. bush,george h.w. bush,per:parents,t
eng-WL-11-174587-12961626,326027,eng-WL-11-174587-12961626_339_352,eng-WL-11-174587-12961626_371_383,spencer pratt,heidi montag,per:spouse,t
eng-WL-11-174598-12964778,191077,eng-WL-11-174598-12964778_39215_39219,eng-WL-11-174598-12964778_39224_39230,demi,ashton,per:spouse,t
eng-WL-11-174595-12968208,127760,eng-WL-11-174595-12968208_9649_9663,eng-WL-11-174595-12968208_9717_9731,kate middleton,prince william,per:spouse,t
AFP_ENG_20071002.0041.LDC2009T13,46998,AFP_ENG_20071002.0041.LDC2009T13_1265_1284,AFP_ENG_20071002.0041.LDC2009T13_1255_1264,mahmoud ahmadinejad,president,per:title,t
APW_ENG_20080219.0423.LDC2009T13,253966,APW_ENG_20080219.0423.LDC2009T13_3172_3187,APW_ENG_20080219.0423.LDC2009T13_3162_3171,john f. kennedy,president,per:title,t
NYT_ENG_20070327.0226.LDC2009T13,260607,NYT_ENG_20070327.0226.LDC2009T13_2254_2273,NYT_ENG_20070327.0226.LDC2009T13_2244_2253,lawrence h. summers,president,per:title,t
APW_ENG_20080714.0136.LDC2009T13,115312,APW_ENG_20080714.0136.LDC2009T13_2942_2964,APW_ENG_20080714.0136.LDC2009T13_2858_2870,hillary rodham clinton,bill clinton,per:spouse,t
eng-WL-11-174595-12967989,191075,eng-WL-11-174595-12967989_4726_4730,eng-WL-11-174595-12967989_4665_4682,ryan,reese witherspoon,per:spouse,t
AFP_ENG_20071203.0645.LDC2009T13,222253,AFP_ENG_20071203.0645.LDC2009T13_248_259,AFP_ENG_20071203.0645.LDC2009T13_238_247,hugo chavez,president,per:title,t
AFP_ENG_20070525.0016.LDC2009T13,87979,AFP_ENG_20070525.0016.LDC2009T13_9120_9129,AFP_ENG_20070525.0016.LDC2009T13_9110_9119,hu jintao,president,per:title,t
APW_ENG_20080115.0650.LDC2009T13,272907,APW_ENG_20080115.0650.LDC2009T13_709_720,APW_ENG_20080115.0650.LDC2009T13_647_654,lee kun-hee,samsung,per:employee_or_member_of,t
eng-WL-11-174572-12946502,260580,eng-WL-11-174572-12946502_443_455,eng-WL-11-174572-12946502_460_473,heidi montag,spencer pratt,per:spouse,t
eng-WL-11-174583-12935669,75633,eng-WL-11-174583-12935669_39036_39038,eng-WL-11-174583-12935669_39031_39034,ge,nbc,org:subsidiaries,t
eng-WL-11-174595-12968146,238893,eng-WL-11-174595-12968146_10330_10343,eng-WL-11-174595-12968146_10361_10373,spencer pratt,heidi montag,per:spouse,t
eng-WL-11-174595-12967955,245451,eng-WL-11-174595-12967955_1486_1500,eng-WL-11-174595-12967955_1590_1602,britney spears,jamie spears,per:siblings,t
eng-WL-11-174643-13000465,108628,eng-WL-11-174643-13000465_409_420,eng-WL-11-174643-13000465_352_364,chris ivery,ellen pompeo,per:spouse,t
NYT_ENG_20080422.0012.LDC2009T13,229829,NYT_ENG_20080422.0012.LDC2009T13_3831_3834,NYT_ENG_20080422.0012.LDC2009T13_3784_3791,lee,samsung,per:employee_or_member_of,t
eng-NG-31-145468-10288986,289340,eng-NG-31-145468-10288986_1054_1058,eng-NG-31-145468-10288986_993_1008,tina,beyoncé knowles,per:children,t
APW_ENG_20070223.1432.LDC2009T13,153759,APW_ENG_20070223.1432.LDC2009T13_448_459,APW_ENG_20070223.1432.LDC2009T13_438_447,hugo chavez,president,per:title,t
AFP_ENG_20081215.0354.LDC2009T13,8750,AFP_ENG_20081215.0354.LDC2009T13_4692_4711,AFP_ENG_20081215.0354.LDC2009T13_4601_4610,pioneer investments,unicredit,org:parents,t
XIN_ENG_20080204.0157.LDC2009T13,8740,XIN_ENG_20080204.0157.LDC2009T13_387_396,XIN_ENG_20080204.0157.LDC2009T13_377_386,hu jintao,president,per:title,t
APW_ENG_20070216.1078.LDC2009T13,23136,APW_ENG_20070216.1078.LDC2009T13_3329_3340,APW_ENG_20070216.1078.LDC2009T13_3319_3328,hugo chavez,president,per:title,t
NYT_ENG_20070727.0186.LDC2009T13,87971,NYT_ENG_20070727.0186.LDC2009T13_903_914,NYT_ENG_20070727.0186.LDC2009T13_969_974,raul castro,fidel,per:siblings,t
eng-WL-11-174595-12967505,16201,eng-WL-11-174595-12967505_2530_2543,eng-WL-11-174595-12967505_2396_2410,janet jackson,jermaine dupri,per:spouse,t
NYT_ENG_20080422.0213.LDC2009T13,305836,NYT_ENG_20080422.0213.LDC2009T13_1666_1678,NYT_ENG_20080422.0213.LDC2009T13_1603_1606,lee jae-yong,lee,per:parents,t
eng-WL-11-174584-12964464,340524,eng-WL-11-174584-12964464_1927_1940,eng-WL-11-174584-12964464_1781_1786,molly malaney,jason,per:spouse,t
eng-WL-11-174595-12968244,127762,eng-WL-11-174595-12968244_7132_7149,eng-WL-11-174595-12968244_7180_7192,justin timberlake,jessica biel,per:spouse,t
APW_ENG_20070109.0784.LDC2009T13,229817,APW_ENG_20070109.0784.LDC2009T13_1016_1027,APW_ENG_20070109.0784.LDC2009T13_1069_1080,guy ritchie,david banda,per:children,t
eng-WL-11-174595-12968491,32438,eng-WL-11-174595-12968491_7506_7520,eng-WL-11-174595-12968491_7271_7291,angelina jolie,pax thien jolie-pitt,per:children,t
AFP_ENG_20080812.0393.LDC2009T13,36271,AFP_ENG_20080812.0393.LDC2009T13_1428_1442,AFP_ENG_20080812.0393.LDC2009T13_1418_1427,george w. bush,president,per:title,t
eng-WL-11-174643-13000465,108658,eng-WL-11-174643-13000465_435_447,eng-WL-11-174643-13000465_454_465,ellen pompeo,chris ivery,per:spouse,t
NYT_ENG_20070917.0134.LDC2009T13,278136,NYT_ENG_20070917.0134.LDC2009T13_6595_6606,NYT_ENG_20070917.0134.LDC2009T13_6572_6576,ban ki-moon,u.n.,per:employee_or_member_of,t
APW_ENG_20080902.0132.LDC2009T13,121631,APW_ENG_20080902.0132.LDC2009T13_2229_2243,APW_ENG_20080902.0132.LDC2009T13_2219_2228,george w. bush,president,per:title,t
eng-WL-11-174596-12951827,141015,eng-WL-11-174596-12951827_346_357,eng-WL-11-174596-12951827_375_384,hugo chávez,president,per:title,t
AFP_ENG_20070612.0483.LDC2009T13,140988,AFP_ENG_20070612.0483.LDC2009T13_481_492,AFP_ENG_20070612.0483.LDC2009T13_431_443,raul castro,fidel castro,per:siblings,t
eng-WL-11-174572-12949601,331685,eng-WL-11-174572-12949601_487_499,eng-WL-11-174572-12949601_517_530,heidi montag,spencer pratt,per:spouse,t
eng-WL-11-174594-12963735,305841,eng-WL-11-174594-12963735_185_190,eng-WL-11-174594-12963735_155_167,chris,ellen pompeo,per:spouse,t
eng-WL-11-174595-12967955,245417,eng-WL-11-174595-12967955_302_316,eng-WL-11-174595-12967955_321_336,britney spears,kevin federline,per:spouse,t
NYT_ENG_20080422.0213.LDC2009T13,305851,NYT_ENG_20080422.0213.LDC2009T13_944_947,NYT_ENG_20080422.0213.LDC2009T13_908_915,lee,samsung,per:employee_or_member_of,t
eng-WL-11-174584-12964309,75628,eng-WL-11-174584-12964309_1326_1330,eng-WL-11-174584-12964309_1315_1321,ryan,trista,per:spouse,t
XIN_ENG_20071022.0160.LDC2009T13,297280,XIN_ENG_20071022.0160.LDC2009T13_2728_2730,XIN_ENG_20071022.0160.LDC2009T13_2603_2612,hu,president,per:title,t
APW_ENG_20070317.0870.LDC2009T13,108664,APW_ENG_20070317.0870.LDC2009T13_2676_2689,APW_ENG_20070317.0870.LDC2009T13_2665_2674,rafael correa,president,per:title,t
eng-WL-11-174595-12968244,127773,eng-WL-11-174595-12968244_7786_7793,eng-WL-11-174595-12968244_7774_7780,jessica,justin,per:spouse,t
eng-WL-11-174595-12967958,319646,eng-WL-11-174595-12967958_9303_9312,eng-WL-11-174595-12967958_9333_9337,brad pitt,doug,per:siblings,t
LTW_ENG_20081120.0031.LDC2009T13,253961,LTW_ENG_20081120.0031.LDC2009T13_6111_6123,LTW_ENG_20081120.0031.LDC2009T13_5918_5930,tina knowles,sasha fierce,per:children,t
LTW_ENG_20080513.0059.LDC2009T13,185212,LTW_ENG_20080513.0059.LDC2009T13_6597_6604,LTW_ENG_20080513.0059.LDC2009T13_6640_6645,spencer,heidi,per:spouse,t
APW_ENG_20070105.1451.LDC2009T13,326020,APW_ENG_20070105.1451.LDC2009T13_550_572,APW_ENG_20070105.1451.LDC2009T13_589_611,sean preston federline,jayden james federline,per:siblings,t
XIN_ENG_20080224.0243.LDC2009T13,115295,XIN_ENG_20080224.0243.LDC2009T13_274_285,XIN_ENG_20080224.0243.LDC2009T13_346_358,raul castro,fidel castro,per:siblings,t
APW_ENG_20080528.0816.LDC2009T13,185198,APW_ENG_20080528.0816.LDC2009T13_564_575,APW_ENG_20080528.0816.LDC2009T13_521_532,david banda,guy ritchie,per:parents,t
APW_ENG_20080214.0681.LDC2009T13,185214,APW_ENG_20080214.0681.LDC2009T13_1892_1903,APW_ENG_20080214.0681.LDC2009T13_1869_1882,lee kun-hee,samsung group,per:employee_or_member_of,t
AFP_ENG_20070726.0706.LDC2009T13,127759,AFP_ENG_20070726.0706.LDC2009T13_260_271,AFP_ENG_20070726.0706.LDC2009T13_250_259,raul castro,president,per:title,t
AFP_ENG_20070522.0097.LDC2009T13,147086,AFP_ENG_20070522.0097.LDC2009T13_1400_1414,AFP_ENG_20070522.0097.LDC2009T13_1390_1399,vladimir putin,president,per:title,t
LTW_ENG_20080513.0059.LDC2009T13,185170,LTW_ENG_20080513.0059.LDC2009T13_3249_3254,LTW_ENG_20080513.0059.LDC2009T13_3259_3266,heidi,spencer,per:spouse,t
eng-WL-11-174594-12961460,153796,eng-WL-11-174594-12961460_871_881,eng-WL-11-174594-12961460_1010_1016,jamie lynn,mccomb,per:LOCATION_of_birth,t
AFP_ENG_20080116.0126.LDC2009T13,297287,AFP_ENG_20080116.0126.LDC2009T13_527_539,AFP_ENG_20080116.0126.LDC2009T13_610_619,fidel castro,president,per:title,t
eng-WL-107-174567-12931828,136347,eng-WL-107-174567-12931828_2583_2590,eng-WL-107-174567-12931828_2662_2677,britney,kevin federline,per:spouse,t
NYT_ENG_20070215.0067.LDC2009T13,26633,NYT_ENG_20070215.0067.LDC2009T13_7534_7548,NYT_ENG_20070215.0067.LDC2009T13_7494_7507,strom thurmond,paul thurmond,per:children,t
eng-WL-11-174572-12948053,222251,eng-WL-11-174572-12948053_556_568,eng-WL-11-174572-12948053_583_596,heidi montag,spencer pratt,per:spouse,t
NYT_ENG_20080226.0154.LDC2009T13,52,NYT_ENG_20080226.0154.LDC2009T13_5494_5499,NYT_ENG_20080226.0154.LDC2009T13_5378_5387,fidel,president,per:title,t
eng-WL-11-174595-12968424,8761,eng-WL-11-174595-12968424_2806_2813,eng-WL-11-174595-12968424_2734_2749,britney,kevin federline,per:spouse,t
LTW_ENG_20071009.0046.LDC2009T13,127748,LTW_ENG_20071009.0046.LDC2009T13_7184_7202,LTW_ENG_20071009.0046.LDC2009T13_7131_7140,mattachine society,harry hay,org:founded_by,t
eng-WL-11-174572-12948080,160805,eng-WL-11-174572-12948080_516_529,eng-WL-11-174572-12948080_499_511,spencer pratt,heidi montag,per:spouse,t
AFP_ENG_20070301.0578.LDC2009T13,75598,AFP_ENG_20070301.0578.LDC2009T13_437_449,AFP_ENG_20070301.0578.LDC2009T13_566_577,fidel castro,raul castro,per:siblings,t
AFP_ENG_20080711.0076.LDC2009T13,36234,AFP_ENG_20080711.0076.LDC2009T13_598_610,AFP_ENG_20080711.0076.LDC2009T13_252_261,fidel castro,president,per:title,t
eng-WL-11-174594-12961460,153757,eng-WL-11-174594-12961460_1045_1050,eng-WL-11-174594-12961460_1010_1016,jamie,mccomb,per:LOCATION_of_birth,t
eng-WL-11-174584-12964464,340482,eng-WL-11-174584-12964464_2642_2647,eng-WL-11-174584-12964464_2539_2544,molly,jason,per:spouse,t
AFP_ENG_20071204.0232.LDC2009T13,47013,AFP_ENG_20071204.0232.LDC2009T13_357_368,AFP_ENG_20071204.0232.LDC2009T13_347_356,hugo chavez,president,per:title,t
AFP_ENG_20070405.0102.LDC2009T13,297278,AFP_ENG_20070405.0102.LDC2009T13_2576_2598,AFP_ENG_20070405.0102.LDC2009T13_2480_2489,ayatollah ali khamenei,president,per:title,t
eng-WL-11-174584-12964464,340484,eng-WL-11-174584-12964464_1781_1786,eng-WL-11-174584-12964464_1927_1940,jason,molly malaney,per:spouse,t
eng-WL-11-174598-12964778,190997,eng-WL-11-174598-12964778_38065_38069,eng-WL-11-174598-12964778_38146_38160,demi,ashton kutcher,per:spouse,t
eng-WL-11-174595-12968178,311074,eng-WL-11-174595-12968178_1268_1275,eng-WL-11-174595-12968178_1280_1285,britney,kevin,per:spouse,t
APW_ENG_20080709.0575.LDC2009T13,33,APW_ENG_20080709.0575.LDC2009T13_1788_1795,APW_ENG_20080709.0575.LDC2009T13_1751_1763,britney,lynne spears,per:parents,t
APW_ENG_20071116.1329.LDC2009T13,319685,APW_ENG_20071116.1329.LDC2009T13_5289_5302,APW_ENG_20071116.1329.LDC2009T13_5193_5212,samsung group,samsung electronics,org:subsidiaries,t
APW_ENG_20070302.0801.LDC2009T13,238890,APW_ENG_20070302.0801.LDC2009T13_6509_6521,APW_ENG_20070302.0801.LDC2009T13_6545_6554,michael sata,president,per:title,t
eng-WL-11-174587-12961835,169379,eng-WL-11-174587-12961835_295_306,eng-WL-11-174587-12961835_382_395,heidi pratt,spencer pratt,per:spouse,t
eng-WL-11-174611-12980381,36253,eng-WL-11-174611-12980381_1417_1422,eng-WL-11-174611-12980381_1427_1433,ellen,portia,per:spouse,t
LTW_ENG_20071107.0076.LDC2009T13,245449,LTW_ENG_20071107.0076.LDC2009T13_2353_2369,LTW_ENG_20071107.0076.LDC2009T13_2374_2383,george h.w. bush,president,per:title,t
XIN_ENG_20080224.0186.LDC2009T13,8770,XIN_ENG_20080224.0186.LDC2009T13_333_345,XIN_ENG_20080224.0186.LDC2009T13_255_266,fidel castro,raul castro,per:siblings,t
XIN_ENG_20080224.0186.LDC2009T13,8760,XIN_ENG_20080224.0186.LDC2009T13_255_266,XIN_ENG_20080224.0186.LDC2009T13_333_345,raul castro,fidel castro,per:siblings,t
APW_ENG_20071127.1058.LDC2009T13,217526,APW_ENG_20071127.1058.LDC2009T13_2012_2029,APW_ENG_20071127.1058.LDC2009T13_1970_1989,oscar de la renta,annette de la renta,per:spouse,t
AFP_ENG_20070315.0103.LDC2009T13,160814,AFP_ENG_20070315.0103.LDC2009T13_2852_2864,AFP_ENG_20070315.0103.LDC2009T13_2730_2737,andre previn,soon-yi,per:children,t
AFP_ENG_20080516.0661.LDC2009T13,217536,AFP_ENG_20080516.0661.LDC2009T13_3291_3295,AFP_ENG_20080516.0661.LDC2009T13_3313_3329,farc,manuel marulanda,org:founded_by,t
eng-WL-11-174594-12961483,174541,eng-WL-11-174594-12961483_583_588,eng-WL-11-174594-12961483_568_578,casey,jamie lynn,per:spouse,t
APW_ENG_20070619.0058.LDC2009T13,47010,APW_ENG_20070619.0058.LDC2009T13_596_608,APW_ENG_20070619.0058.LDC2009T13_506_517,fidel castro,raul castro,per:siblings,t
AFP_ENG_20070122.0666.LDC2009T13,136375,AFP_ENG_20070122.0666.LDC2009T13_2488_2499,AFP_ENG_20070122.0666.LDC2009T13_2478_2487,hugo chavez,president,per:title,t
XIN_ENG_20070218.0197.LDC2009T13,8755,XIN_ENG_20070218.0197.LDC2009T13_1304_1315,XIN_ENG_20070218.0197.LDC2009T13_1164_1176,raul castro,fidel castro,per:siblings,t
APW_ENG_20080219.0651.LDC2009T13,59338,APW_ENG_20080219.0651.LDC2009T13_1180_1191,APW_ENG_20080219.0651.LDC2009T13_1170_1179,hugo chavez,president,per:title,t
eng-WL-11-174595-12968331,174524,eng-WL-11-174595-12968331_12842_12855,eng-WL-11-174595-12968331_12937_12952,jason bateman,justine bateman,per:siblings,t
eng-WL-11-174572-12949427,238896,eng-WL-11-174572-12949427_1147_1159,eng-WL-11-174572-12949427_1085_1098,heidi montag,spencer pratt,per:spouse,t
APW_ENG_20070110.0968.LDC2009T13,59326,APW_ENG_20070110.0968.LDC2009T13_220_231,APW_ENG_20070110.0968.LDC2009T13_210_219,hugo chavez,president,per:title,t
eng-WL-11-174592-12940859,36246,eng-WL-11-174592-12940859_888_894,eng-WL-11-174592-12940859_878_883,portia,ellen,per:spouse,t
NYT_ENG_20071012.0064.LDC2009T13,47032,NYT_ENG_20071012.0064.LDC2009T13_4032_4047,NYT_ENG_20071012.0064.LDC2009T13_4022_4031,john f. kennedy,president,per:title,t
APW_ENG_20080709.0778.LDC2009T13,32426,APW_ENG_20080709.0778.LDC2009T13_1790_1797,APW_ENG_20080709.0778.LDC2009T13_1753_1765,britney,lynne spears,per:parents,t
AFP_ENG_20070116.0538.LDC2009T13,59307,AFP_ENG_20070116.0538.LDC2009T13_873_887,AFP_ENG_20070116.0538.LDC2009T13_863_872,george w. bush,president,per:title,t
APW_ENG_20080506.1399.LDC2009T13,289354,APW_ENG_20080506.1399.LDC2009T13_2235_2248,APW_ENG_20080506.1399.LDC2009T13_2225_2234,mahmoud abbas,president,per:title,t
NYT_ENG_20080422.0213.LDC2009T13,305830,NYT_ENG_20080422.0213.LDC2009T13_1077_1080,NYT_ENG_20080422.0213.LDC2009T13_908_915,lee,samsung,per:employee_or_member_of,t
NYT_ENG_20080422.0012.LDC2009T13,229820,NYT_ENG_20080422.0012.LDC2009T13_5864_5867,NYT_ENG_20080422.0012.LDC2009T13_5906_5913,lee,samsung,per:employee_or_member_of,t
AFP_ENG_20071204.0232.LDC2009T13,47004,AFP_ENG_20071204.0232.LDC2009T13_246_260,AFP_ENG_20071204.0232.LDC2009T13_347_356,george w. bush,president,per:title,t
APW_ENG_20071116.1329.LDC2009T13,319661,APW_ENG_20071116.1329.LDC2009T13_4571_4582,APW_ENG_20071116.1329.LDC2009T13_4561_4570,roh tae-woo,president,per:title,t
APW_ENG_20070108.1203.LDC2009T13,32429,APW_ENG_20070108.1203.LDC2009T13_231_242,APW_ENG_20070108.1203.LDC2009T13_221_230,hugo chavez,president,per:title,t
NYT_ENG_20071213.0194.LDC2009T13,209739,NYT_ENG_20071213.0194.LDC2009T13_4158_4173,NYT_ENG_20071213.0194.LDC2009T13_4149_4157,bill richardson,governor,per:title,t
APW_ENG_20070619.0044.LDC2009T13,16207,APW_ENG_20070619.0044.LDC2009T13_277_288,APW_ENG_20070619.0044.LDC2009T13_267_276,raul castro,president,per:title,t
eng-WL-11-174595-12968493,47027,eng-WL-11-174595-12968493_7633_7644,eng-WL-11-174595-12968493_7615_7628,joel madden,nicole richie,per:spouse,t
AFP_ENG_20070525.0016.LDC2009T13,87952,AFP_ENG_20070525.0016.LDC2009T13_709_722,AFP_ENG_20070525.0016.LDC2009T13_699_708,hosni mubarak,president,per:title,t
APW_ENG_20070120.0204.LDC2009T13,340514,APW_ENG_20070120.0204.LDC2009T13_7288_7299,APW_ENG_20070120.0204.LDC2009T13_7278_7287,hugo chavez,president,per:title,t
eng-WL-107-174567-12931766,141002,eng-WL-107-174567-12931766_1222_1226,eng-WL-107-174567-12931766_1214_1220,hank,kendra,per:spouse,t
eng-WL-11-174595-12968490,26613,eng-WL-11-174595-12968490_11171_11177,eng-WL-11-174595-12968490_11203_11213,ashlee,pete wentz,per:spouse,t
AFP_ENG_20071111.0030.LDC2009T13,68107,AFP_ENG_20071111.0030.LDC2009T13_311_322,AFP_ENG_20071111.0030.LDC2009T13_301_310,hugo chavez,president,per:title,t
eng-WL-11-174595-12968455,32427,eng-WL-11-174595-12968455_4677_4690,eng-WL-11-174595-12968455_4660_4672,spencer pratt,heidi montag,per:spouse,t
NYT_ENG_20081215.0225.LDC2009T13,87986,NYT_ENG_20081215.0225.LDC2009T13_511_516,NYT_ENG_20081215.0225.LDC2009T13_633_647,peter,bernard madoff,per:siblings,t
eng-WL-11-174595-12967831,331703,eng-WL-11-174595-12967831_4664_4668,eng-WL-11-174595-12967831_4528_4535,nick,vanessa,per:spouse,t
eng-WL-11-174608-12979911,95665,eng-WL-11-174608-12979911_41728_41730,eng-WL-11-174608-12979911_41723_41726,ge,nbc,org:subsidiaries,t
eng-WL-11-174595-12968296,174592,eng-WL-11-174595-12968296_2831_2851,eng-WL-11-174595-12968296_2777_2786,pax thien jolie-pitt,brad pitt,per:parents,t
AFP_ENG_20070525.0016.LDC2009T13,87983,AFP_ENG_20070525.0016.LDC2009T13_7578_7592,AFP_ENG_20070525.0016.LDC2009T13_7568_7577,george w. bush,president,per:title,t
eng-WL-11-174595-12967857,108647,eng-WL-11-174595-12967857_701_716,eng-WL-11-174595-12967857_783_797,kevin federline,britney spears,per:spouse,t
AFP_ENG_20080113.0421.LDC2009T13,278141,AFP_ENG_20080113.0421.LDC2009T13_2023_2034,AFP_ENG_20080113.0421.LDC2009T13_2054_2063,hugo chavez,president,per:title,t
AFP_ENG_20070710.0292.LDC2009T13,147069,AFP_ENG_20070710.0292.LDC2009T13_546_558,AFP_ENG_20070710.0292.LDC2009T13_510_521,fidel castro,raul castro,per:siblings,t
NYT_ENG_20071119.0253.LDC2009T13,326023,NYT_ENG_20071119.0253.LDC2009T13_1051_1054,NYT_ENG_20071119.0253.LDC2009T13_950_957,lee,samsung,per:employee_or_member_of,t
eng-NG-31-151741-10662777,153762,eng-NG-31-151741-10662777_5916_5931,eng-NG-31-151741-10662777_5933_5942,william j. shaw,president,per:title,t
eng-NG-31-142161-10036583,127757,eng-NG-31-142161-10036583_991_1003,eng-NG-31-142161-10036583_1019_1028,fidel castro,president,per:title,t
eng-WL-11-174572-12950167,260587,eng-WL-11-174572-12950167_576_581,eng-WL-11-174572-12950167_593_606,heidi,spencer pratt,per:spouse,t
NYT_ENG_20080422.0213.LDC2009T13,305835,NYT_ENG_20080422.0213.LDC2009T13_1852_1863,NYT_ENG_20080422.0213.LDC2009T13_1924_1931,lee kun-hee,samsung,per:employee_or_member_of,t
APW_ENG_20081119.0926.LDC2009T13,191064,APW_ENG_20081119.0926.LDC2009T13_381_393,APW_ENG_20081119.0926.LDC2009T13_366_376,katie holmes,tom cruise,per:spouse,t
AFP_ENG_20080912.0653.LDC2009T13,238863,AFP_ENG_20080912.0653.LDC2009T13_261_272,AFP_ENG_20080912.0653.LDC2009T13_251_260,hugo chavez,president,per:title,t
APW_ENG_20071019.1076.LDC2009T13,75614,APW_ENG_20071019.1076.LDC2009T13_452_463,APW_ENG_20071019.1076.LDC2009T13_442_451,hugo chavez,president,per:title,t
APW_ENG_20070706.1216.LDC2009T13,311067,APW_ENG_20070706.1216.LDC2009T13_2807_2819,APW_ENG_20070706.1216.LDC2009T13_2915_2924,barack obama,president,per:title,t
NYT_ENG_20080422.0012.LDC2009T13,229825,NYT_ENG_20080422.0012.LDC2009T13_1971_1978,NYT_ENG_20080422.0012.LDC2009T13_1954_1969,samsung,lee byung-chull,org:founded_by,t
eng-WL-11-174584-12960854,305853,eng-WL-11-174584-12960854_432_445,eng-WL-11-174584-12960854_406_419,molly malaney,jason mesnick,per:spouse,t
NYT_ENG_20070225.0179.LDC2009T13,272880,NYT_ENG_20070225.0179.LDC2009T13_2805_2819,NYT_ENG_20070225.0179.LDC2009T13_2636_2648,rachel mcadams,ryan gosling,per:spouse,t
XIN_ENG_20071115.0188.LDC2009T13,209766,XIN_ENG_20071115.0188.LDC2009T13_581_590,XIN_ENG_20071115.0188.LDC2009T13_655_664,hu jintao,president,per:title,t
eng-WL-11-174572-12947987,59319,eng-WL-11-174572-12947987_362_375,eng-WL-11-174572-12947987_333_345,spencer pratt,heidi montag,per:spouse,t
AFP_ENG_20070612.0479.LDC2009T13,222238,AFP_ENG_20070612.0479.LDC2009T13_366_378,AFP_ENG_20070612.0479.LDC2009T13_236_245,fidel castro,president,per:title,t
eng-NG-31-142161-10036583,127746,eng-NG-31-142161-10036583_1029_1040,eng-NG-31-142161-10036583_991_1003,raul castro,fidel castro,per:siblings,t
eng-WL-11-174587-12962092,340535,eng-WL-11-174587-12962092_348_360,eng-WL-11-174587-12962092_417_429,heidi montag,holly montag,per:siblings,t
eng-WL-11-174595-12968961,59315,eng-WL-11-174595-12968961_383_397,eng-WL-11-174595-12968961_286_303,casey aldridge,jamie lynn spears,per:spouse,t
eng-WL-11-174595-12968424,8768,eng-WL-11-174595-12968424_16578_16593,eng-WL-11-174595-12968424_16554_16566,kevin federline,shar jackson,per:spouse,t
eng-WL-11-174598-12964778,190994,eng-WL-11-174598-12964778_69021_69030,eng-WL-11-174598-12964778_69042_69054,nastassja,sonja kinski,per:children,t
AFP_ENG_20070402.0703.LDC2009T13,115294,AFP_ENG_20070402.0703.LDC2009T13_1107_1111,AFP_ENG_20070402.0703.LDC2009T13_1021_1035,mpla,agostinho neto,org:founded_by,t
AFP_ENG_20071204.0232.LDC2009T13,46989,AFP_ENG_20071204.0232.LDC2009T13_246_260,AFP_ENG_20071204.0232.LDC2009T13_236_245,george w. bush,president,per:title,t
AFP_ENG_20080429.0756.LDC2009T13,75626,AFP_ENG_20080429.0756.LDC2009T13_758_769,AFP_ENG_20080429.0756.LDC2009T13_828_837,raul castro,president,per:title,t
NYT_ENG_20080304.0099.LDC2009T13,245442,NYT_ENG_20080304.0099.LDC2009T13_3440_3451,NYT_ENG_20080304.0099.LDC2009T13_3305_3314,hugo chavez,president,per:title,t
eng-WL-11-174595-12968318,203706,eng-WL-11-174595-12968318_10657_10672,eng-WL-11-174595-12968318_10686_10700,pauley perrette,michael bosman,per:spouse,t
eng-WL-11-174572-12948080,160826,eng-WL-11-174572-12948080_2722_2729,eng-WL-11-174572-12948080_2803_2808,spencer,heidi,per:spouse,t
APW_ENG_20070619.0759.LDC2009T13,153795,APW_ENG_20070619.0759.LDC2009T13_216_227,APW_ENG_20070619.0759.LDC2009T13_206_215,raul castro,president,per:title,t
eng-WL-11-174595-12967857,108672,eng-WL-11-174595-12967857_783_797,eng-WL-11-174595-12967857_701_716,britney spears,kevin federline,per:spouse,t
eng-WL-11-174595-12967989,191033,eng-WL-11-174595-12967989_7634_7645,eng-WL-11-174595-12967989_7444_7459,anna nicole,howard k. stern,per:spouse,t
APW_ENG_20071020.0496.LDC2009T13,26609,APW_ENG_20071020.0496.LDC2009T13_1421_1440,APW_ENG_20071020.0496.LDC2009T13_1411_1420,mahmoud ahmadinejad,president,per:title,t
AFP_ENG_20080422.0603.LDC2009T13,217540,AFP_ENG_20080422.0603.LDC2009T13_2938_2941,AFP_ENG_20080422.0603.LDC2009T13_2969_2976,lee,samsung,per:employee_or_member_of,t
NYT_ENG_20070518.0055.LDC2009T13,140991,NYT_ENG_20070518.0055.LDC2009T13_9457_9460,NYT_ENG_20070518.0055.LDC2009T13_9448_9452,ann,mitt,per:spouse,t
AFP_ENG_20071203.0278.LDC2009T13,108634,AFP_ENG_20071203.0278.LDC2009T13_341_352,AFP_ENG_20071203.0278.LDC2009T13_331_340,hugo chavez,president,per:title,t
eng-WL-11-174595-12967955,245407,eng-WL-11-174595-12967955_321_336,eng-WL-11-174595-12967955_427_441,kevin federline,britney spears,per:spouse,t
AFP_ENG_20080313.0667.LDC2009T13,174566,AFP_ENG_20080313.0667.LDC2009T13_967_970,AFP_ENG_20080313.0667.LDC2009T13_996_1015,lee,samsung electronics,per:employee_or_member_of,t
eng-WL-107-174567-12932946,160812,eng-WL-107-174567-12932946_360_375,eng-WL-107-174567-12932946_384_397,stephanie pratt,spencer pratt,per:siblings,t
APW_ENG_20081108.0481.LDC2009T13,87967,APW_ENG_20081108.0481.LDC2009T13_2651_2662,APW_ENG_20081108.0481.LDC2009T13_2686_2695,raul castro,president,per:title,t
XIN_ENG_20081011.0030.LDC2009T13,16202,XIN_ENG_20081011.0030.LDC2009T13_448_461,XIN_ENG_20081011.0030.LDC2009T13_438_447,mahmoud abbas,president,per:title,t
APW_ENG_20071202.0117.LDC2009T13,68112,APW_ENG_20071202.0117.LDC2009T13_2821_2834,APW_ENG_20071202.0117.LDC2009T13_2914_2923,daniel ortega,president,per:title,t
eng-WL-11-174572-12949033,260591,eng-WL-11-174572-12949033_304_316,eng-WL-11-174572-12949033_338_351,heidi montag,spencer pratt,per:spouse,t
eng-WL-11-174572-12948509,305848,eng-WL-11-174572-12948509_302_315,eng-WL-11-174572-12948509_352_363,lauren conrad,kyle howard,per:spouse,t
APW_ENG_20080714.0136.LDC2009T13,115325,APW_ENG_20080714.0136.LDC2009T13_1984_1998,APW_ENG_20080714.0136.LDC2009T13_1974_1983,george w. bush,president,per:title,t
LTW_ENG_20080513.0059.LDC2009T13,185185,LTW_ENG_20080513.0059.LDC2009T13_3287_3294,LTW_ENG_20080513.0059.LDC2009T13_3313_3318,spencer,heidi,per:spouse,t
eng-WL-11-174595-12967912,191004,eng-WL-11-174595-12967912_7015_7025,eng-WL-11-174595-12967912_7053_7058,tito ortiz,jenna,per:spouse,t
NYT_ENG_20080226.0154.LDC2009T13,22,NYT_ENG_20080226.0154.LDC2009T13_1727_1738,NYT_ENG_20080226.0154.LDC2009T13_1642_1651,raul castro,president,per:title,t
LTW_ENG_20080513.0059.LDC2009T13,185211,LTW_ENG_20080513.0059.LDC2009T13_2459_2464,LTW_ENG_20080513.0059.LDC2009T13_2448_2455,heidi,spencer,per:spouse,t
NYT_ENG_20080422.0012.LDC2009T13,229838,NYT_ENG_20080422.0012.LDC2009T13_416_423,NYT_ENG_20080422.0012.LDC2009T13_258_271,samsung,samsung group,org:parents,t
APW_ENG_20070604.0101.LDC2009T13,238869,APW_ENG_20070604.0101.LDC2009T13_1326_1342,APW_ENG_20070604.0101.LDC2009T13_1453_1474,condoleezza rice,u.s. state department,per:employee_or_member_of,t
eng-WL-11-174595-12967989,191003,eng-WL-11-174595-12967989_5608_5623,eng-WL-11-174595-12967989_5570_5587,peter sarsgaard,maggie gyllenhaal,per:spouse,t
eng-WL-107-174567-12932702,32,eng-WL-107-174567-12932702_334_346,eng-WL-107-174567-12932702_351_364,heidi montag,spencer pratt,per:spouse,t
APW_ENG_20080314.0157.LDC2009T13,160825,APW_ENG_20080314.0157.LDC2009T13_1836_1859,APW_ENG_20080314.0157.LDC2009T13_1862_1897,smithsonian institution,national museum of american history,org:subsidiaries,t
AFP_ENG_20080516.0661.LDC2009T13,217537,AFP_ENG_20080516.0661.LDC2009T13_3390_3403,AFP_ENG_20080516.0661.LDC2009T13_3380_3389,rafael correa,president,per:title,t
eng-WL-11-174595-12968276,68095,eng-WL-11-174595-12968276_1600_1617,eng-WL-11-174595-12968276_1553_1560,jamie lynn spears,britney,per:siblings,t
eng-WL-11-174595-12968296,174517,eng-WL-11-174595-12968296_329_343,eng-WL-11-174595-12968296_369_381,britney spears,lynne spears,per:parents,t
APW_ENG_20071117.0115.LDC2009T13,245401,APW_ENG_20071117.0115.LDC2009T13_5872_5875,APW_ENG_20071117.0115.LDC2009T13_5944_5951,lee,samsung,per:employee_or_member_of,t
NYT_ENG_20071121.0204.LDC2009T13,209733,NYT_ENG_20071121.0204.LDC2009T13_2756_2767,NYT_ENG_20071121.0204.LDC2009T13_2870_2878,mitt romney,governor,per:title,t
AFP_ENG_20070506.0094.LDC2009T13,229865,AFP_ENG_20070506.0094.LDC2009T13_717_733,AFP_ENG_20070506.0094.LDC2009T13_707_716,mohammad khatami,president,per:title,t
eng-WL-11-174595-12968331,174550,eng-WL-11-174595-12968331_5895_5909,eng-WL-11-174595-12968331_5914_5926,jennifer lopez,marc anthony,per:spouse,t
eng-WL-11-174595-12968331,174539,eng-WL-11-174595-12968331_14839_14845,eng-WL-11-174595-12968331_14862_14874,mel b.,eddie murphy,per:spouse,t
NYT_ENG_20071206.0073.LDC2009T13,191055,NYT_ENG_20071206.0073.LDC2009T13_735_743,NYT_ENG_20071206.0073.LDC2009T13_714_726,michelle,barack obama,per:spouse,t
LTW_ENG_20080430.0158.LDC2009T13,185209,LTW_ENG_20080430.0158.LDC2009T13_571_624,LTW_ENG_20080430.0158.LDC2009T13_526_537,multidisciplinary association for psychedelic studies,rick doblin,org:founded_by,t
APW_ENG_20080508.0780.LDC2009T13,8734,APW_ENG_20080508.0780.LDC2009T13_3287_3298,APW_ENG_20080508.0780.LDC2009T13_3258_3266,david speer,chairman,per:title,t
APW_ENG_20071219.1088.LDC2009T13,238886,APW_ENG_20071219.1088.LDC2009T13_1253_1270,APW_ENG_20071219.1088.LDC2009T13_1319_1326,jamie lynn spears,britney,per:siblings,t
NYT_ENG_20080422.0213.LDC2009T13,305865,NYT_ENG_20080422.0213.LDC2009T13_1077_1080,NYT_ENG_20080422.0213.LDC2009T13_944_947,lee,lee,per:children,t
eng-WL-11-174595-12967831,331693,eng-WL-11-174595-12967831_4528_4535,eng-WL-11-174595-12967831_4664_4668,vanessa,nick,per:spouse,t
NYT_ENG_20080921.0033.LDC2009T13,209744,NYT_ENG_20080921.0033.LDC2009T13_4693_4702,NYT_ENG_20080921.0033.LDC2009T13_4644_4653,citigroup,citigroup,org:subsidiaries,t
APW_ENG_20071020.0664.LDC2009T13,311085,APW_ENG_20071020.0664.LDC2009T13_5808_5824,APW_ENG_20071020.0664.LDC2009T13_5798_5807,mohammad khatami,president,per:title,t
APW_ENG_20071120.1452.LDC2009T13,26617,APW_ENG_20071120.1452.LDC2009T13_451_462,APW_ENG_20071120.1452.LDC2009T13_441_450,hugo chavez,president,per:title,t
eng-WL-11-174595-12968276,68093,eng-WL-11-174595-12968276_25951_25964,eng-WL-11-174595-12968276_25905_25917,melanie brown,eddie murphy,per:spouse,t
eng-WL-11-174594-12961460,153753,eng-WL-11-174594-12961460_1022_1029,eng-WL-11-174594-12961460_1010_1016,britney,mccomb,per:LOCATION_of_birth,t
APW_ENG_20080417.0678.LDC2009T13,265976,APW_ENG_20080417.0678.LDC2009T13_1027_1030,APW_ENG_20080417.0678.LDC2009T13_1066_1073,lee,samsung,per:employee_or_member_of,t
APW_ENG_20080131.0593.LDC2009T13,311092,APW_ENG_20080131.0593.LDC2009T13_1063_1074,APW_ENG_20080131.0593.LDC2009T13_1040_1053,lee kun-hee,samsung group,per:employee_or_member_of,t
AFP_ENG_20080819.0190.LDC2009T13,36293,AFP_ENG_20080819.0190.LDC2009T13_1245_1266,AFP_ENG_20080819.0190.LDC2009T13_1236_1244,arnold schwarzenegger,governor,per:title,t
LTW_ENG_20071013.0097.LDC2009T13,68076,LTW_ENG_20071013.0097.LDC2009T13_5716_5728,LTW_ENG_20071013.0097.LDC2009T13_5706_5715,bill clinton,president,per:title,t
eng-WL-11-174587-12962628,253948,eng-WL-11-174587-12962628_155_167,eng-WL-11-174587-12962628_172_185,heidi montag,spencer pratt,per:spouse,t
eng-WL-11-174595-12967857,108665,eng-WL-11-174595-12967857_3917_3930,eng-WL-11-174595-12967857_3541_3554,michael lohan,lindsay lohan,per:children,t
NYT_ENG_20080226.0154.LDC2009T13,15,NYT_ENG_20080226.0154.LDC2009T13_1658_1670,NYT_ENG_20080226.0154.LDC2009T13_1642_1651,fidel castro,president,per:title,t
eng-WL-11-174584-12960400,245416,eng-WL-11-174584-12960400_179_184,eng-WL-11-174584-12960400_169_174,molly,jason,per:spouse,t
APW_ENG_20070317.0870.LDC2009T13,108631,APW_ENG_20070317.0870.LDC2009T13_1141_1153,APW_ENG_20070317.0870.LDC2009T13_1131_1140,alvaro uribe,president,per:title,t
eng-WL-11-174587-12962062,253991,eng-WL-11-174587-12962062_172_185,eng-WL-11-174587-12962062_155_167,spencer pratt,heidi montag,per:spouse,t
AFP_ENG_20071111.0030.LDC2009T13,68098,AFP_ENG_20071111.0030.LDC2009T13_4237_4250,AFP_ENG_20071111.0030.LDC2009T13_4227_4236,rafael correa,president,per:title,t
AFP_ENG_20081215.0354.LDC2009T13,8729,AFP_ENG_20081215.0354.LDC2009T13_4601_4610,AFP_ENG_20081215.0354.LDC2009T13_4692_4711,unicredit,pioneer investments,org:subsidiaries,t
LTW_ENG_20080722.0100.LDC2009T13,191044,LTW_ENG_20080722.0100.LDC2009T13_3281_3289,LTW_ENG_20080722.0100.LDC2009T13_3297_3305,al smith,governor,per:title,t
eng-WL-11-174572-12949033,260566,eng-WL-11-174572-12949033_746_761,eng-WL-11-174572-12949033_716_723,stephanie pratt,spencer,per:siblings,t
APW_ENG_20081216.1316.LDC2009T13,253979,APW_ENG_20081216.1316.LDC2009T13_3841_3852,APW_ENG_20081216.1316.LDC2009T13_3955_3964,raul castro,president,per:title,t
eng-NG-31-143446-10242382,36276,eng-NG-31-143446-10242382_1976_1989,eng-NG-31-143446-10242382_1967_1975,mahmoud abbas,chairman,per:title,t
APW_ENG_20071020.0496.LDC2009T13,26640,APW_ENG_20071020.0496.LDC2009T13_1251_1273,APW_ENG_20071020.0496.LDC2009T13_1411_1420,ayatollah ali khamenei,president,per:title,t
AFP_ENG_20080408.0512.LDC2009T13,253947,AFP_ENG_20080408.0512.LDC2009T13_2317_2329,AFP_ENG_20080408.0512.LDC2009T13_2307_2316,hamid karzai,president,per:title,t
eng-WL-11-174595-12968493,47036,eng-WL-11-174595-12968493_759_773,eng-WL-11-174595-12968493_927_942,britney spears,kevin federline,per:spouse,t
APW_ENG_20080911.1381.LDC2009T13,272885,APW_ENG_20080911.1381.LDC2009T13_231_242,APW_ENG_20080911.1381.LDC2009T13_221_230,hugo chavez,president,per:title,t
eng-WL-107-174567-12933094,185201,eng-WL-107-174567-12933094_375_392,eng-WL-107-174567-12933094_412_426,jamie lynn spears,casey aldridge,per:spouse,t
AFP_ENG_20081116.0433.LDC2009T13,229854,AFP_ENG_20081116.0433.LDC2009T13_1291_1293,AFP_ENG_20081116.0433.LDC2009T13_1311_1316,un,unfpa,org:subsidiaries,t
eng-WL-11-174595-12968036,174538,eng-WL-11-174595-12968036_4149_4155,eng-WL-11-174595-12968036_4160_4172,mathew,tina knowles,per:spouse,t
APW_ENG_20070925.0234.LDC2009T13,326039,APW_ENG_20070925.0234.LDC2009T13_7973_7987,APW_ENG_20070925.0234.LDC2009T13_7963_7972,vladimir putin,president,per:title,t
NYT_ENG_20070414.0032.LDC2009T13,217549,NYT_ENG_20070414.0032.LDC2009T13_2814_2823,NYT_ENG_20070414.0032.LDC2009T13_2756_2765,citigroup,citigroup,org:parents,t
XIN_ENG_20071230.0008.LDC2009T13,203732,XIN_ENG_20071230.0008.LDC2009T13_669_680,XIN_ENG_20071230.0008.LDC2009T13_631_643,raul castro,fidel castro,per:siblings,t
LTW_ENG_20080513.0059.LDC2009T13,185164,LTW_ENG_20080513.0059.LDC2009T13_862_874,LTW_ENG_20080513.0059.LDC2009T13_879_892,heidi montag,spencer pratt,per:spouse,t
eng-WL-11-174595-12968146,238880,eng-WL-11-174595-12968146_3060_3071,eng-WL-11-174595-12968146_2929_2944,anna nicole,howard k. stern,per:spouse,t
AFP_ENG_20081005.0104.LDC2009T13,169384,AFP_ENG_20081005.0104.LDC2009T13_403_414,AFP_ENG_20081005.0104.LDC2009T13_393_402,hugo chavez,president,per:title,t
APW_ENG_20070215.1494.LDC2009T13,136346,APW_ENG_20070215.1494.LDC2009T13_1692_1703,APW_ENG_20070215.1494.LDC2009T13_1682_1691,hugo chavez,president,per:title,t
eng-WL-11-174572-12949033,260556,eng-WL-11-174572-12949033_173_188,eng-WL-11-174572-12949033_155_168,stephanie pratt,spencer pratt,per:siblings,t
NYT_ENG_20080921.0033.LDC2009T13,209772,NYT_ENG_20080921.0033.LDC2009T13_4693_4702,NYT_ENG_20080921.0033.LDC2009T13_4675_4691,citigroup,sanford i. weill,org:founded_by,t
eng-WL-11-174584-12964309,75630,eng-WL-11-174584-12964309_1315_1321,eng-WL-11-174584-12964309_1326_1330,trista,ryan,per:spouse,t
AFP_ENG_20080422.0603.LDC2009T13,217541,AFP_ENG_20080422.0603.LDC2009T13_246_257,AFP_ENG_20080422.0603.LDC2009T13_316_323,lee kun-hee,samsung,per:employee_or_member_of,t
eng-WL-11-174595-12968511,289341,eng-WL-11-174595-12968511_3197_3207,eng-WL-11-174595-12968511_3122_3127,jamie lynn,lynne,per:parents,t
eng-WL-11-174583-12937382,245464,eng-WL-11-174583-12937382_529_541,eng-WL-11-174583-12937382_514_524,katie holmes,tom cruise,per:spouse,t
eng-WL-11-174572-12946700,23132,eng-WL-11-174572-12946700_394_403,eng-WL-11-174572-12946700_407_410,roxy olin,mtv,per:employee_or_member_of,t
NYT_ENG_20070225.0179.LDC2009T13,272888,NYT_ENG_20070225.0179.LDC2009T13_1326_1341,NYT_ENG_20070225.0179.LDC2009T13_1254_1269,portia de rossi,ellen degeneres,per:spouse,t
AFP_ENG_20070525.0016.LDC2009T13,87950,AFP_ENG_20070525.0016.LDC2009T13_1590_1607,AFP_ENG_20070525.0016.LDC2009T13_1580_1589,olusegun obasanjo,president,per:title,t
eng-WL-11-174595-12967955,245403,eng-WL-11-174595-12967955_2085_2090,eng-WL-11-174595-12967955_2073_2080,kevin,britney,per:spouse,t
AFP_ENG_20081116.0433.LDC2009T13,229864,AFP_ENG_20081116.0433.LDC2009T13_1126_1140,AFP_ENG_20081116.0433.LDC2009T13_1116_1125,george w. bush,president,per:title,t
AFP_ENG_20070805.0159.LDC2009T13,59294,AFP_ENG_20070805.0159.LDC2009T13_2045_2059,AFP_ENG_20070805.0159.LDC2009T13_2069_2085,lewis hamilton,anthony hamilton,per:parents,t
APW_ENG_20070413.1297.LDC2009T13,185197,APW_ENG_20070413.1297.LDC2009T13_1259_1270,APW_ENG_20070413.1297.LDC2009T13_1378_1382,john havens,citi,per:employee_or_member_of,t
AFP_ENG_20070710.0292.LDC2009T13,147062,AFP_ENG_20070710.0292.LDC2009T13_262_273,AFP_ENG_20070710.0292.LDC2009T13_352_364,raul castro,fidel castro,per:siblings,t
AFP_ENG_20080804.0448.LDC2009T13,16206,AFP_ENG_20080804.0448.LDC2009T13_501_524,AFP_ENG_20080804.0448.LDC2009T13_491_500,jose eduardo dos santos,president,per:title,t
eng-WL-11-174595-12968384,209751,eng-WL-11-174595-12968384_3474_3488,eng-WL-11-174595-12968384_3459_3469,ashton kutcher,demi moore,per:spouse,t
eng-WL-11-174598-12964778,190999,eng-WL-11-174598-12964778_38409_38423,eng-WL-11-174598-12964778_38431_38441,ashton kutcher,demi moore,per:spouse,t
eng-WL-11-174643-13000465,108655,eng-WL-11-174643-13000465_454_465,eng-WL-11-174643-13000465_352_364,chris ivery,ellen pompeo,per:spouse,t
APW_ENG_20071120.1290.LDC2009T13,52799,APW_ENG_20071120.1290.LDC2009T13_2793_2805,APW_ENG_20071120.1290.LDC2009T13_2896_2905,bill clinton,president,per:title,t
eng-WL-11-174594-12963522,26621,eng-WL-11-174594-12963522_2109_2116,eng-WL-11-174594-12963522_1944_1954,britney,jamie lynn,per:siblings,t
eng-WL-11-174596-12955575,115327,eng-WL-11-174596-12955575_504_519,eng-WL-11-174596-12955575_562_599,richard lindzen,massachusetts institute of technology,per:employee_or_member_of,t
AFP_ENG_20070320.0029.LDC2009T13,297308,AFP_ENG_20070320.0029.LDC2009T13_1159_1170,AFP_ENG_20070320.0029.LDC2009T13_1142_1149,lee kun-hee,samsung,per:employee_or_member_of,t
AFP_ENG_20071021.0019.LDC2009T13,260552,AFP_ENG_20071021.0019.LDC2009T13_1249_1260,AFP_ENG_20071021.0019.LDC2009T13_1302_1307,raul castro,fidel,per:siblings,t
NYT_ENG_20080313.0254.LDC2009T13,319655,NYT_ENG_20080313.0254.LDC2009T13_515_524,NYT_ENG_20080313.0254.LDC2009T13_476_493,citigroup,old lane partners,org:subsidiaries,t
NYT_ENG_20081123.0141.LDC2009T13,203723,NYT_ENG_20081123.0141.LDC2009T13_402_413,NYT_ENG_20081123.0141.LDC2009T13_392_401,hugo chavez,president,per:title,t
APW_ENG_20080202.0818.LDC2009T13,47,APW_ENG_20080202.0818.LDC2009T13_1869_1886,APW_ENG_20080202.0818.LDC2009T13_1859_1864,charlie o'connell,jerry,per:siblings,t
APW_ENG_20081009.0023.LDC2009T13,121608,APW_ENG_20081009.0023.LDC2009T13_158_169,APW_ENG_20081009.0023.LDC2009T13_185_198,hugh hefner,holly madison,per:spouse,t
AFP_ENG_20080817.0180.LDC2009T13,297293,AFP_ENG_20080817.0180.LDC2009T13_567_582,AFP_ENG_20080817.0180.LDC2009T13_547_562,portia de rossi,ellen degeneres,per:spouse,t
AFP_ENG_20080330.0023.LDC2009T13,169358,AFP_ENG_20080330.0023.LDC2009T13_1296_1307,AFP_ENG_20080330.0023.LDC2009T13_1286_1295,raul castro,president,per:title,t
eng-WL-11-174643-13000465,108648,eng-WL-11-174643-13000465_392_404,eng-WL-11-174643-13000465_409_420,ellen pompeo,chris ivery,per:spouse,t
eng-WL-107-174567-12933036,59312,eng-WL-107-174567-12933036_3773_3780,eng-WL-107-174567-12933036_3800_3812,britney,jamie spears,per:siblings,t
eng-WL-107-174567-12931742,326034,eng-WL-107-174567-12931742_2097_2102,eng-WL-107-174567-12931742_2023_2033,casey,jamie lynn,per:spouse,t
eng-WL-11-174595-12968493,47021,eng-WL-11-174595-12968493_10311_10315,eng-WL-11-174595-12968493_10251_10260,josh,katherine,per:spouse,t
eng-WL-11-174595-12968491,32415,eng-WL-11-174595-12968491_2055_2068,eng-WL-11-174595-12968491_1963_1975,spencer pratt,heidi montag,per:spouse,t
AFP_ENG_20070402.0704.LDC2009T13,136378,AFP_ENG_20070402.0704.LDC2009T13_694_717,AFP_ENG_20070402.0704.LDC2009T13_684_693,jose eduardo dos santos,president,per:title,t
AFP_ENG_20080307.0148.LDC2009T13,8771,AFP_ENG_20080307.0148.LDC2009T13_254_266,AFP_ENG_20080307.0148.LDC2009T13_244_253,alvaro uribe,president,per:title,t
eng-WL-11-174584-12964217,340479,eng-WL-11-174584-12964217_1118_1131,eng-WL-11-174584-12964217_1145_1158,jason mesnick,molly malaney,per:spouse,t
APW_ENG_20071116.0532.LDC2009T13,340477,APW_ENG_20071116.0532.LDC2009T13_5107_5110,APW_ENG_20071116.0532.LDC2009T13_5289_5302,lee,samsung group,per:employee_or_member_of,t
eng-WL-11-174587-12962628,253975,eng-WL-11-174587-12962628_172_185,eng-WL-11-174587-12962628_155_167,spencer pratt,heidi montag,per:spouse,t
AFP_ENG_20080711.0076.LDC2009T13,36243,AFP_ENG_20080711.0076.LDC2009T13_262_273,AFP_ENG_20080711.0076.LDC2009T13_598_610,raul castro,fidel castro,per:siblings,t
APW_ENG_20070302.0801.LDC2009T13,238897,APW_ENG_20070302.0801.LDC2009T13_4295_4309,APW_ENG_20070302.0801.LDC2009T13_4208_4217,vladimir putin,president,per:title,t
APW_ENG_20081119.0926.LDC2009T13,191062,APW_ENG_20081119.0926.LDC2009T13_1352_1363,APW_ENG_20081119.0926.LDC2009T13_1384_1395,david banda,guy ritchie,per:parents,t
APW_ENG_20070504.0122.LDC2009T13,265970,APW_ENG_20070504.0122.LDC2009T13_1509_1523,APW_ENG_20070504.0122.LDC2009T13_1562_1585,george w. bush,chief executive officer,per:title,t
eng-WL-107-174567-12933036,59292,eng-WL-107-174567-12933036_3800_3812,eng-WL-107-174567-12933036_3773_3780,jamie spears,britney,per:children,t
eng-WL-11-174643-13000465,108644,eng-WL-11-174643-13000465_352_364,eng-WL-11-174643-13000465_454_465,ellen pompeo,chris ivery,per:spouse,t
eng-WL-11-174595-12968455,32434,eng-WL-11-174595-12968455_1777_1789,eng-WL-11-174595-12968455_1804_1814,idina menzel,taye diggs,per:spouse,t
AFP_ENG_20080403.0717.LDC2009T13,52782,AFP_ENG_20080403.0717.LDC2009T13_1302_1305,AFP_ENG_20080403.0717.LDC2009T13_1336_1348,lee,lee jae-yong,per:children,t
eng-NG-31-138139-9803479,185168,eng-NG-31-138139-9803479_483_495,eng-NG-31-138139-9803479_541_550,fidel castro,president,per:title,t
APW_ENG_20080703.1356.LDC2009T13,305845,APW_ENG_20080703.1356.LDC2009T13_437_453,APW_ENG_20080703.1356.LDC2009T13_427_435,julie gerberding,director,per:title,t
eng-WL-11-174598-12964778,191063,eng-WL-11-174598-12964778_24783_24800,eng-WL-11-174598-12964778_24760_24772,michelle williams,heath ledger,per:spouse,t
NYT_ENG_20071001.0094.LDC2009T13,265979,NYT_ENG_20071001.0094.LDC2009T13_6866_6878,NYT_ENG_20071001.0094.LDC2009T13_6923_6945,larry sabato,university of virginia,per:schools_attended,t
eng-WL-107-174567-12932022,272897,eng-WL-107-174567-12932022_706_718,eng-WL-107-174567-12932022_579_585,hank baskett,kendra,per:spouse,t
eng-WL-11-174643-13000465,108646,eng-WL-11-174643-13000465_392_404,eng-WL-11-174643-13000465_454_465,ellen pompeo,chris ivery,per:spouse,t
APW_ENG_20070712.0087.LDC2009T13,297305,APW_ENG_20070712.0087.LDC2009T13_1062_1076,APW_ENG_20070712.0087.LDC2009T13_1052_1061,george w. bush,president,per:title,t
APW_ENG_20070705.1125.LDC2009T13,340541,APW_ENG_20070705.1125.LDC2009T13_725_739,APW_ENG_20070705.1125.LDC2009T13_566_569,vladimir putin,kgb,per:employee_or_member_of,t
APW_ENG_20080224.0839.LDC2009T13,326036,APW_ENG_20080224.0839.LDC2009T13_234_245,APW_ENG_20080224.0839.LDC2009T13_224_233,raul castro,president,per:title,t
eng-WL-11-174592-12943412,174574,eng-WL-11-174592-12943412_382_393,eng-WL-11-174592-12943412_283_295,chris ivery,ellen pompeo,per:spouse,t
XIN_ENG_20080224.0194.LDC2009T13,222257,XIN_ENG_20080224.0194.LDC2009T13_280_291,XIN_ENG_20080224.0194.LDC2009T13_317_326,raul castro,president,per:title,t
eng-WL-11-174587-12963110,169370,eng-WL-11-174587-12963110_365_377,eng-WL-11-174587-12963110_347_360,heidi montag,spencer pratt,per:spouse,t
APW_ENG_20070405.0607.LDC2009T13,31,APW_ENG_20070405.0607.LDC2009T13_3656_3680,APW_ENG_20070405.0607.LDC2009T13_3646_3655,akbar hashemi rafsanjani,president,per:title,t
eng-WL-11-174596-12955326,8769,eng-WL-11-174596-12955326_3886_3890,eng-WL-11-174596-12955326_3856_3866,ipcc,bert bolin,org:founded_by,t
eng-WL-11-174584-12960321,297275,eng-WL-11-174584-12960321_179_192,eng-WL-11-174584-12960321_169_174,molly mesnick,jason,per:spouse,t
eng-WL-11-174598-12964778,191049,eng-WL-11-174598-12964778_14516_14525,eng-WL-11-174598-12964778_14655_14668,jean reno,zofia borucka,per:spouse,t
eng-WL-11-174598-12964855,108653,eng-WL-11-174598-12964855_5725_5731,eng-WL-11-174598-12964855_5754_5766,brooke,andre agassi,per:spouse,t
APW_ENG_20070125.0254.LDC2009T13,340530,APW_ENG_20070125.0254.LDC2009T13_2040_2052,APW_ENG_20070125.0254.LDC2009T13_2030_2039,moshe katsav,president,per:title,t
eng-WL-11-174598-12964778,191066,eng-WL-11-174598-12964778_7336_7348,eng-WL-11-174598-12964778_7326_7335,bill clinton,president,per:title,t
AFP_ENG_20070121.0389.LDC2009T13,272893,AFP_ENG_20070121.0389.LDC2009T13_402_421,AFP_ENG_20070121.0389.LDC2009T13_361_370,mahmoud ahmadinejad,president,per:title,t
eng-WL-11-174595-12968318,203710,eng-WL-11-174595-12968318_13603_13608,eng-WL-11-174595-12968318_13709_13722,jodie,shaun holguin,per:spouse,t
eng-WL-11-174595-12968282,260603,eng-WL-11-174595-12968282_12647_12651,eng-WL-11-174595-12968282_12688_12708,brad,pax thien jolie-pitt,per:children,t
eng-WL-11-174595-12968178,311089,eng-WL-11-174595-12968178_408_422,eng-WL-11-174595-12968178_302_317,britney spears,kevin federline,per:spouse,t
APW_ENG_20070208.1947.LDC2009T13,229828,APW_ENG_20070208.1947.LDC2009T13_327_338,APW_ENG_20070208.1947.LDC2009T13_317_326,hugo chavez,president,per:title,t
APW_ENG_20081216.1316.LDC2009T13,253965,APW_ENG_20081216.1316.LDC2009T13_1162_1174,APW_ENG_20081216.1316.LDC2009T13_1183_1192,barack obama,president,per:title,t
eng-WL-11-174598-12964778,191016,eng-WL-11-174598-12964778_39462_39466,eng-WL-11-174598-12964778_39509_39521,demi,bruce willis,per:spouse,t
eng-WL-11-174572-12948509,305837,eng-WL-11-174572-12948509_352_363,eng-WL-11-174572-12948509_302_315,kyle howard,lauren conrad,per:spouse,t
AFP_ENG_20071116.0036.LDC2009T13,47035,AFP_ENG_20071116.0036.LDC2009T13_254_265,AFP_ENG_20071116.0036.LDC2009T13_244_253,hugo chavez,president,per:title,t
APW_ENG_20070528.0218.LDC2009T13,331702,APW_ENG_20070528.0218.LDC2009T13_472_483,APW_ENG_20070528.0218.LDC2009T13_462_471,hugo chavez,president,per:title,t
eng-WL-107-174567-12931828,136366,eng-WL-107-174567-12931828_2289_2296,eng-WL-107-174567-12931828_2101_2113,britney,jamie spears,per:parents,t
NYT_ENG_20080224.0178.LDC2009T13,174614,NYT_ENG_20080224.0178.LDC2009T13_298_303,NYT_ENG_20080224.0178.LDC2009T13_358_367,fidel,president,per:title,t
AFP_ENG_20080313.0667.LDC2009T13,174594,AFP_ENG_20080313.0667.LDC2009T13_801_804,AFP_ENG_20080313.0667.LDC2009T13_660_663,lee,lee,per:parents,t
NYT_ENG_20071121.0204.LDC2009T13,209716,NYT_ENG_20071121.0204.LDC2009T13_2879_2892,NYT_ENG_20071121.0204.LDC2009T13_2870_2878,mike huckabee,governor,per:title,t
AFP_ENG_20071004.0717.LDC2009T13,311049,AFP_ENG_20071004.0717.LDC2009T13_381_396,AFP_ENG_20071004.0717.LDC2009T13_249_263,kevin federline,britney spears,per:spouse,t
APW_ENG_20080302.0629.LDC2009T13,285057,APW_ENG_20080302.0629.LDC2009T13_220_231,APW_ENG_20080302.0629.LDC2009T13_210_219,hugo chavez,president,per:title,t
AFP_ENG_20070131.0318.LDC2009T13,52791,AFP_ENG_20070131.0318.LDC2009T13_280_292,AFP_ENG_20070131.0318.LDC2009T13_270_279,fidel castro,president,per:title,t
eng-WL-11-174594-12961460,153745,eng-WL-11-174594-12961460_1022_1029,eng-WL-11-174594-12961460_1117_1127,britney,jamie lynn,per:siblings,t
eng-WL-11-174595-12968414,289326,eng-WL-11-174595-12968414_417_429,eng-WL-11-174595-12968414_448_455,lynne spears,britney,per:children,t
eng-WL-11-174584-12964217,340488,eng-WL-11-174584-12964217_1145_1158,eng-WL-11-174584-12964217_1118_1131,molly malaney,jason mesnick,per:spouse,t
eng-WL-105-174565-12930839,311051,eng-WL-105-174565-12930839_703_719,eng-WL-105-174565-12930839_681_693,kendra wilkinson,hank baskett,per:spouse,t
APW_ENG_20070121.0022.LDC2009T13,319672,APW_ENG_20070121.0022.LDC2009T13_3160_3174,APW_ENG_20070121.0022.LDC2009T13_3150_3159,george w. bush,president,per:title,t
eng-WL-11-174572-12946502,260538,eng-WL-11-174572-12946502_2938_2950,eng-WL-11-174572-12946502_2962_2974,holly montag,heidi montag,per:siblings,t
AFP_ENG_20070603.0361.LDC2009T13,147051,AFP_ENG_20070603.0361.LDC2009T13_1921_1932,AFP_ENG_20070603.0361.LDC2009T13_1911_1920,hugo chavez,president,per:title,t
AFP_ENG_20080422.0566.LDC2009T13,32435,AFP_ENG_20080422.0566.LDC2009T13_869_884,AFP_ENG_20080422.0566.LDC2009T13_808_811,lee byung-chull,lee,per:children,t
eng-WL-11-174643-13000465,108660,eng-WL-11-174643-13000465_190_195,eng-WL-11-174643-13000465_163_175,chris,ellen pompeo,per:spouse,t
APW_ENG_20080202.0818.LDC2009T13,17,APW_ENG_20080202.0818.LDC2009T13_1859_1864,APW_ENG_20080202.0818.LDC2009T13_1869_1886,jerry,charlie o'connell,per:children,t
NYT_ENG_20081003.0198.LDC2009T13,253958,NYT_ENG_20081003.0198.LDC2009T13_3210_3223,NYT_ENG_20081003.0198.LDC2009T13_3227_3239,stephen lynch,south boston,per:LOCATION_of_residence,t
eng-WL-107-174567-12932022,272874,eng-WL-107-174567-12932022_1530_1534,eng-WL-107-174567-12932022_1568_1574,hank,kendra,per:spouse,t
AFP_ENG_20080110.0782.LDC2009T13,115324,AFP_ENG_20080110.0782.LDC2009T13_806_818,AFP_ENG_20080110.0782.LDC2009T13_796_805,bill clinton,president,per:title,t
eng-WL-11-174595-12968423,36273,eng-WL-11-174595-12968423_11996_12009,eng-WL-11-174595-12968423_11979_11991,spencer pratt,heidi montag,per:spouse,t
NYT_ENG_20080106.0060.LDC2009T13,95649,NYT_ENG_20080106.0060.LDC2009T13_2642_2653,NYT_ENG_20080106.0060.LDC2009T13_2666_2674,mitt romney,governor,per:title,t
AFP_ENG_20080106.0023.LDC2009T13,36257,AFP_ENG_20080106.0023.LDC2009T13_305_316,AFP_ENG_20080106.0023.LDC2009T13_295_304,hugo chavez,president,per:title,t
eng-WL-11-174572-12947798,75629,eng-WL-11-174572-12947798_703_718,eng-WL-11-174572-12947798_780_788,patricia wettig,ken olin,per:spouse,t
eng-NG-31-147907-10553588,297281,eng-NG-31-147907-10553588_1564_1575,eng-NG-31-147907-10553588_1554_1563,hugo chávez,president,per:title,t
APW_ENG_20071211.1546.LDC2009T13,59296,APW_ENG_20071211.1546.LDC2009T13_2255_2259,APW_ENG_20071211.1546.LDC2009T13_2311_2324,citi,sanford weill,org:founded_by,t
LTW_ENG_20071022.0033.LDC2009T13,87947,LTW_ENG_20071022.0033.LDC2009T13_367_386,LTW_ENG_20071022.0033.LDC2009T13_357_366,mahmoud ahmadinejad,president,per:title,t
XIN_ENG_20050522.0148.LDC2007T07,136359,XIN_ENG_20050522.0148.LDC2007T07_534_558,XIN_ENG_20050522.0148.LDC2007T07_524_533,akbar hashemi rafsanjani,president,per:title,t
APW_ENG_20070705.1125.LDC2009T13,340476,APW_ENG_20070705.1125.LDC2009T13_725_739,APW_ENG_20070705.1125.LDC2009T13_715_724,vladimir putin,president,per:title,t
NYT_ENG_20080418.0011.LDC2009T13,245466,NYT_ENG_20080418.0011.LDC2009T13_2213_2216,NYT_ENG_20080418.0011.LDC2009T13_2284_2291,lee,samsung,per:employee_or_member_of,t
APW_ENG_20070113.0883.LDC2009T13,253950,APW_ENG_20070113.0883.LDC2009T13_1329_1346,APW_ENG_20070113.0883.LDC2009T13_1319_1328,michelle bachelet,president,per:title,t
APW_ENG_20071116.0532.LDC2009T13,340501,APW_ENG_20071116.0532.LDC2009T13_5289_5302,APW_ENG_20071116.0532.LDC2009T13_5193_5212,samsung group,samsung electronics,org:subsidiaries,t
eng-WL-11-174595-12968423,36263,eng-WL-11-174595-12968423_633_640,eng-WL-11-174595-12968423_654_669,britney,kevin federline,per:spouse,t
APW_ENG_20070910.1669.LDC2009T13,108657,APW_ENG_20070910.1669.LDC2009T13_802_816,APW_ENG_20070910.1669.LDC2009T13_792_801,george w. bush,president,per:title,t
eng-WL-11-174595-12968296,174508,eng-WL-11-174595-12968296_529_536,eng-WL-11-174595-12968296_702_719,britney,jamie lynn spears,per:siblings,t
APW_ENG_20080516.0421.LDC2009T13,174516,APW_ENG_20080516.0421.LDC2009T13_451_466,APW_ENG_20080516.0421.LDC2009T13_321_336,portia de rossi,ellen degeneres,per:spouse,t
APW_ENG_20081224.0787.LDC2009T13,36248,APW_ENG_20081224.0787.LDC2009T13_2538_2550,APW_ENG_20081224.0787.LDC2009T13_2575_2586,andrew cuomo,mario cuomo,per:parents,t
eng-WL-11-174595-12968511,289351,eng-WL-11-174595-12968511_770_785,eng-WL-11-174595-12968511_514_521,kevin federline,britney,per:spouse,t
eng-WL-11-174598-12964778,191009,eng-WL-11-174598-12964778_39509_39521,eng-WL-11-174598-12964778_39462_39466,bruce willis,demi,per:spouse,t
NYT_ENG_20080318.0201.LDC2009T13,153778,NYT_ENG_20080318.0201.LDC2009T13_5504_5522,NYT_ENG_20080318.0201.LDC2009T13_5526_5541,john hope franklin,duke university,per:employee_or_member_of,t
eng-WL-11-174587-12962062,253969,eng-WL-11-174587-12962062_349_362,eng-WL-11-174587-12962062_332_344,spencer pratt,heidi montag,per:spouse,t
eng-NG-31-101415-11617096,115329,eng-NG-31-101415-11617096_4967_4977,eng-NG-31-101415-11617096_5018_5025,phil chess,leonard,per:siblings,t
eng-WL-107-174567-12933036,59337,eng-WL-107-174567-12933036_3773_3780,eng-WL-107-174567-12933036_3800_3812,britney,jamie spears,per:parents,t
XIN_ENG_20080224.0186.LDC2009T13,8728,XIN_ENG_20080224.0186.LDC2009T13_255_266,XIN_ENG_20080224.0186.LDC2009T13_292_301,raul castro,president,per:title,t
LTW_ENG_20080513.0059.LDC2009T13,185206,LTW_ENG_20080513.0059.LDC2009T13_6640_6645,LTW_ENG_20080513.0059.LDC2009T13_6597_6604,heidi,spencer,per:spouse,t
eng-WL-11-174611-12980606,147058,eng-WL-11-174611-12980606_1182_1197,eng-WL-11-174611-12980606_1220_1235,ellen degeneres,portia de rossi,per:spouse,t
eng-WL-107-174567-12933094,185172,eng-WL-107-174567-12933094_962_972,eng-WL-107-174567-12933094_981_993,jamie lynn,lynne spears,per:parents,t
eng-WL-11-174584-12964464,340518,eng-WL-11-174584-12964464_1860_1865,eng-WL-11-174584-12964464_1927_1940,jason,molly malaney,per:spouse,t
AFP_ENG_20070109.0040.LDC2009T13,32413,AFP_ENG_20070109.0040.LDC2009T13_364_375,AFP_ENG_20070109.0040.LDC2009T13_354_363,hugo chavez,president,per:title,t
NYT_ENG_20081218.0135.LDC2009T13,245411,NYT_ENG_20081218.0135.LDC2009T13_1069_1081,NYT_ENG_20081218.0135.LDC2009T13_1172_1184,shana madoff,peter madoff,per:parents,t
eng-WL-11-174595-12968555,24,eng-WL-11-174595-12968555_1618_1630,eng-WL-11-174595-12968555_1633_1640,jamie spears,britney,per:siblings,t
AFP_ENG_20071108.0155.LDC2009T13,222242,AFP_ENG_20071108.0155.LDC2009T13_1299_1310,AFP_ENG_20071108.0155.LDC2009T13_1290_1298,mitt romney,governor,per:title,t
APW_ENG_20071127.1058.LDC2009T13,217542,APW_ENG_20071127.1058.LDC2009T13_362_374,APW_ENG_20071127.1058.LDC2009T13_301_320,brooke astor,anthony d. marshall,per:children,t
AFP_ENG_20080422.0603.LDC2009T13,217543,AFP_ENG_20080422.0603.LDC2009T13_1516_1519,AFP_ENG_20080422.0603.LDC2009T13_1654_1661,lee,samsung,per:employee_or_member_of,t
APW_ENG_20080307.0546.LDC2009T13,319687,APW_ENG_20080307.0546.LDC2009T13_1821_1832,APW_ENG_20080307.0546.LDC2009T13_1894_1913,lee kun-hee,samsung electronics,per:employee_or_member_of,t
AFP_ENG_20081228.0244.LDC2009T13,340522,AFP_ENG_20081228.0244.LDC2009T13_666_678,AFP_ENG_20081228.0244.LDC2009T13_554_565,fidel castro,raul castro,per:siblings,t
eng-WL-107-174567-12932153,174509,eng-WL-107-174567-12932153_1035_1047,eng-WL-107-174567-12932153_943_950,paul sculfor,cameron,per:spouse,t
eng-WL-11-174587-12962628,253952,eng-WL-11-174587-12962628_389_402,eng-WL-11-174587-12962628_372_384,spencer pratt,heidi montag,per:spouse,t
CNA_ENG_20071102.0005.LDC2009T13,311059,CNA_ENG_20071102.0005.LDC2009T13_3976_3988,CNA_ENG_20071102.0005.LDC2009T13_3966_3975,lee teng-hui,president,per:title,t
AFP_ENG_20080313.0402.LDC2009T13,311084,AFP_ENG_20080313.0402.LDC2009T13_784_803,AFP_ENG_20080313.0402.LDC2009T13_774_783,mahmoud ahmadinejad,president,per:title,t
eng-WL-11-174594-12961457,75611,eng-WL-11-174594-12961457_1207_1221,eng-WL-11-174594-12961457_1238_1255,britney spears,jamie lynn spears,per:siblings,t
eng-WL-11-174595-12968566,305859,eng-WL-11-174595-12968566_23380_23390,eng-WL-11-174595-12968566_23446_23459,dina lohan,michael lohan,per:spouse,t
eng-WL-11-174594-12961460,153780,eng-WL-11-174594-12961460_871_881,eng-WL-11-174594-12961460_1022_1029,jamie lynn,britney,per:siblings,t
eng-WL-11-174595-12968571,331709,eng-WL-11-174595-12968571_18918_18936,eng-WL-11-174595-12968571_18989_19004,jennifer carpenter,michael c. hall,per:spouse,t
eng-WL-11-174611-12980381,36241,eng-WL-11-174611-12980381_2150_2165,eng-WL-11-174611-12980381_2119_2134,ellen degeneres,betty degeneres,per:parents,t
eng-WL-11-174595-12968146,238878,eng-WL-11-174595-12968146_2962_2973,eng-WL-11-174595-12968146_2929_2944,anna nicole,howard k. stern,per:spouse,t
NYT_ENG_20080921.0033.LDC2009T13,209719,NYT_ENG_20080921.0033.LDC2009T13_3007_3015,NYT_ENG_20080921.0033.LDC2009T13_2940_2949,citicorp,citigroup,org:parents,t
eng-NG-31-100720-11217028,26,eng-NG-31-100720-11217028_2665_2688,eng-NG-31-100720-11217028_2733_2745,family research council,tony perkins,org:founded_by,t
eng-WL-11-174572-12945259,59280,eng-WL-11-174572-12945259_742_755,eng-WL-11-174572-12945259_726_731,spencer pratt,heidi,per:spouse,t
APW_ENG_20081216.1316.LDC2009T13,253942,APW_ENG_20081216.1316.LDC2009T13_3891_3906,APW_ENG_20081216.1316.LDC2009T13_3831_3840,felipe calderon,president,per:title,t
NYT_ENG_20070327.0012.LDC2009T13,68111,NYT_ENG_20070327.0012.LDC2009T13_254_266,NYT_ENG_20070327.0012.LDC2009T13_276_285,bill clinton,president,per:title,t
eng-WL-11-174595-12968178,311080,eng-WL-11-174595-12968178_17209_17216,eng-WL-11-174595-12968178_17180_17190,lindsay,dina lohan,per:parents,t
eng-WL-11-174595-12968276,68113,eng-WL-11-174595-12968276_4298_4311,eng-WL-11-174595-12968276_4276_4289,conrad hilton,barron hilton,per:children,t
APW_ENG_20080511.0652.LDC2009T13,75627,APW_ENG_20080511.0652.LDC2009T13_334_345,APW_ENG_20080511.0652.LDC2009T13_324_333,hugo chavez,president,per:title,t
eng-WL-107-174567-12931766,141016,eng-WL-107-174567-12931766_559_575,eng-WL-107-174567-12931766_594_606,kendra wilkinson,hank baskett,per:spouse,t
eng-WL-11-174611-12980381,36274,eng-WL-11-174611-12980381_2119_2134,eng-WL-11-174611-12980381_2150_2165,betty degeneres,ellen degeneres,per:children,t
APW_ENG_20070619.0058.LDC2009T13,47026,APW_ENG_20070619.0058.LDC2009T13_358_369,APW_ENG_20070619.0058.LDC2009T13_348_357,raul castro,president,per:title,t
eng-WL-11-174595-12968566,305852,eng-WL-11-174595-12968566_648_655,eng-WL-11-174595-12968566_802_814,britney,jamie spears,per:parents,t
NYT_ENG_20070308.0036.LDC2009T13,8743,NYT_ENG_20070308.0036.LDC2009T13_5982_5993,NYT_ENG_20070308.0036.LDC2009T13_6030_6042,chris klein,katie holmes,per:spouse,t
NYT_ENG_20080921.0033.LDC2009T13,209740,NYT_ENG_20080921.0033.LDC2009T13_6625_6634,NYT_ENG_20080921.0033.LDC2009T13_6777_6786,citigroup,citigroup,org:parents,t
eng-WL-11-174611-12974078,160823,eng-WL-11-174611-12974078_1329_1340,eng-WL-11-174611-12974078_1320_1328,mitt romney,governor,per:title,t
eng-WL-11-174595-12968244,127753,eng-WL-11-174595-12968244_5007_5020,eng-WL-11-174595-12968244_5172_5188,david beckham,victoria beckham,per:spouse,t
AFP_ENG_20070726.0335.LDC2009T13,46987,AFP_ENG_20070726.0335.LDC2009T13_948_960,AFP_ENG_20070726.0335.LDC2009T13_849_860,fidel castro,raul castro,per:siblings,t
eng-WL-11-174611-12980606,147050,eng-WL-11-174611-12980606_377_392,eng-WL-11-174611-12980606_349_364,portia de rossi,ellen degeneres,per:spouse,t
eng-WL-11-174598-12964778,191070,eng-WL-11-174598-12964778_39224_39230,eng-WL-11-174598-12964778_39215_39219,ashton,demi,per:spouse,t
eng-WL-11-174594-12961460,153781,eng-WL-11-174594-12961460_1022_1029,eng-WL-11-174594-12961460_871_881,britney,jamie lynn,per:siblings,t
eng-WL-11-174598-12965171,36281,eng-WL-11-174598-12965171_26115_26128,eng-WL-11-174598-12965171_26100_26113,david cassidy,katie cassidy,per:children,t
APW_ENG_20081216.1316.LDC2009T13,253962,APW_ENG_20081216.1316.LDC2009T13_3891_3906,APW_ENG_20081216.1316.LDC2009T13_3955_3964,felipe calderon,president,per:title,t
APW_ENG_20070407.0155.LDC2009T13,174543,APW_ENG_20070407.0155.LDC2009T13_2436_2451,APW_ENG_20070407.0155.LDC2009T13_2426_2435,felipe calderon,president,per:title,t
NYT_ENG_20071211.0072.LDC2009T13,153764,NYT_ENG_20071211.0072.LDC2009T13_3998_4007,NYT_ENG_20071211.0072.LDC2009T13_4030_4047,citigroup,old lane partners,org:subsidiaries,t
eng-WL-11-174595-12968424,8727,eng-WL-11-174595-12968424_2734_2749,eng-WL-11-174595-12968424_2806_2813,kevin federline,britney,per:spouse,t
NYT_ENG_20071206.0073.LDC2009T13,190998,NYT_ENG_20071206.0073.LDC2009T13_714_726,NYT_ENG_20071206.0073.LDC2009T13_735_743,barack obama,michelle,per:spouse,t
eng-WL-11-174598-12964802,160841,eng-WL-11-174598-12964802_18131_18144,eng-WL-11-174598-12964802_18122_18130,phil bredesen,governor,per:title,t
APW_ENG_20070413.1297.LDC2009T13,185192,APW_ENG_20070413.1297.LDC2009T13_960_973,APW_ENG_20070413.1297.LDC2009T13_991_1005,vikram pandit,morgan stanley,per:employee_or_member_of,t
AFP_ENG_20080304.0271.LDC2009T13,47016,AFP_ENG_20080304.0271.LDC2009T13_2356_2361,AFP_ENG_20080304.0271.LDC2009T13_2400_2413,unita,jonas savimbi,org:founded_by,t
LTW_ENG_20070203.0110.LDC2009T13,136370,LTW_ENG_20070203.0110.LDC2009T13_3483_3494,LTW_ENG_20070203.0110.LDC2009T13_3474_3482,tom vilsack,governor,per:title,t
APW_ENG_20070619.0095.LDC2009T13,319636,APW_ENG_20070619.0095.LDC2009T13_2884_2904,APW_ENG_20070619.0095.LDC2009T13_2852_2864,dalia soto del valle,fidel castro,per:spouse,t
NYT_ENG_20080304.0099.LDC2009T13,245487,NYT_ENG_20080304.0099.LDC2009T13_3315_3327,NYT_ENG_20080304.0099.LDC2009T13_3430_3439,alvaro uribe,president,per:title,t
APW_ENG_20070217.0243.LDC2009T13,311062,APW_ENG_20070217.0243.LDC2009T13_4401_4412,APW_ENG_20070217.0243.LDC2009T13_4391_4400,hugo chavez,president,per:title,t
eng-WL-11-174595-12968331,174598,eng-WL-11-174595-12968331_12937_12952,eng-WL-11-174595-12968331_12842_12855,justine bateman,jason bateman,per:siblings,t
eng-WL-11-174595-12967857,108626,eng-WL-11-174595-12967857_3541_3554,eng-WL-11-174595-12967857_3917_3930,lindsay lohan,michael lohan,per:parents,t
eng-WL-11-174643-13000465,108643,eng-WL-11-174643-13000465_409_420,eng-WL-11-174643-13000465_435_447,chris ivery,ellen pompeo,per:spouse,t
NYT_ENG_20080422.0213.LDC2009T13,305831,NYT_ENG_20080422.0213.LDC2009T13_1852_1863,NYT_ENG_20080422.0213.LDC2009T13_1941_1956,lee kun-hee,lee byung-chull,per:parents,t
AFP_ENG_20080801.0597.LDC2009T13,265974,AFP_ENG_20080801.0597.LDC2009T13_172_183,AFP_ENG_20080801.0597.LDC2009T13_165_170,raul castro,fidel,per:siblings,t
AFP_ENG_20070618.0644.LDC2009T13,36272,AFP_ENG_20070618.0644.LDC2009T13_286_306,AFP_ENG_20070618.0644.LDC2009T13_273_284,vilma espin guillois,raul castro,per:spouse,t
eng-WL-11-174572-12949506,253941,eng-WL-11-174572-12949506_1037_1049,eng-WL-11-174572-12949506_1054_1067,heidi montag,spencer pratt,per:spouse,t
eng-WL-11-174598-12964778,191012,eng-WL-11-174598-12964778_7572_7587,eng-WL-11-174598-12964778_7442_7446,hillary clinton,bill,per:spouse,t
eng-WL-11-174595-12968296,174511,eng-WL-11-174595-12968296_1384_1391,eng-WL-11-174595-12968296_1343_1348,britney,lynne,per:parents,t
eng-WL-110-174612-12991749,245431,eng-WL-110-174612-12991749_337_352,eng-WL-110-174612-12991749_456_472,beyonce knowles,columbia records,per:employee_or_member_of,t
AFP_ENG_20080514.0663.LDC2009T13,185205,AFP_ENG_20080514.0663.LDC2009T13_1089_1100,AFP_ENG_20080514.0663.LDC2009T13_1118_1125,lee kun-hee,samsung,per:employee_or_member_of,t
eng-NG-31-145468-10288986,289356,eng-NG-31-145468-10288986_760_775,eng-NG-31-145468-10288986_799_811,beyoncé knowles,tina knowles,per:parents,t
APW_ENG_20071219.1088.LDC2009T13,238875,APW_ENG_20071219.1088.LDC2009T13_1527_1539,APW_ENG_20071219.1088.LDC2009T13_1485_1499,lynne spears,britney spears,per:children,t
eng-WL-11-174584-12960321,297301,eng-WL-11-174584-12960321_385_398,eng-WL-11-174584-12960321_367_380,molly malaney,jason mesnick,per:spouse,t
eng-WL-11-174595-12968491,32419,eng-WL-11-174595-12968491_8361_8367,eng-WL-11-174595-12968491_8433_8442,zahara,brad pitt,per:parents,t
APW_ENG_20070302.0801.LDC2009T13,238882,APW_ENG_20070302.0801.LDC2009T13_4150_4164,APW_ENG_20070302.0801.LDC2009T13_4096_4102,ramzan kadyrov,grozny,per:LOCATION_of_residence,t
APW_ENG_20080325.1240.LDC2009T13,160832,APW_ENG_20080325.1240.LDC2009T13_366_377,APW_ENG_20080325.1240.LDC2009T13_356_365,hugo chavez,president,per:title,t
XIN_ENG_20080226.0090.LDC2009T13,340521,XIN_ENG_20080226.0090.LDC2009T13_1217_1228,XIN_ENG_20080226.0090.LDC2009T13_1254_1263,raul castro,president,per:title,t
APW_ENG_20080726.0678.LDC2009T13,23148,APW_ENG_20080726.0678.LDC2009T13_398_403,APW_ENG_20080726.0678.LDC2009T13_308_317,fidel,president,per:title,t
NYT_ENG_20070215.0067.LDC2009T13,26629,NYT_ENG_20070215.0067.LDC2009T13_2657_2671,NYT_ENG_20070215.0067.LDC2009T13_2610_2626,george w. bush,george h.w. bush,per:parents,t
