person1_id,person2_id,sentence_id,description,is_true,relation_id,id
eng-WL-110-174612-12990508_35_23,eng-WL-110-174612-12990508_35_26,eng-WL-110-174612-12990508_35,Kara DioGuardi-Nick Lachey,f,eng-WL-110-174612-12990508_35_23-eng-WL-110-174612-12990508_35_26,177538
eng-WL-11-174595-12968575_9_1,eng-WL-11-174595-12968575_9_58,eng-WL-11-174595-12968575_9,Lynne Spears-Britney Spears,f,eng-WL-11-174595-12968575_9_1-eng-WL-11-174595-12968575_9_58,168959
139064@43_31,139064@43_38,139064@43,Charles H. Eglee-Melissa Rosenberg,f,139064@43_31-139064@43_38,153088
NYT_ENG_20071102.0041.LDC2009T13_500_26,NYT_ENG_20071102.0041.LDC2009T13_500_2,NYT_ENG_20071102.0041.LDC2009T13_500,Joan Cusack-John Cusack,f,NYT_ENG_20071102.0041.LDC2009T13_500_26-NYT_ENG_20071102.0041.LDC2009T13_500_2,207191
AFP_ENG_20070427.0098.LDC2009T13_155_5,AFP_ENG_20070427.0098.LDC2009T13_155_26,AFP_ENG_20070427.0098.LDC2009T13_155,Brad Pitt-Halle Berry,f,AFP_ENG_20070427.0098.LDC2009T13_155_5-AFP_ENG_20070427.0098.LDC2009T13_155_26,42642
LTW_ENG_20081112.0077.LDC2009T13_895_18,LTW_ENG_20081112.0077.LDC2009T13_895_21,LTW_ENG_20081112.0077.LDC2009T13_895,Lauren Bacall-Katharine Hepburn,f,LTW_ENG_20081112.0077.LDC2009T13_895_18-LTW_ENG_20081112.0077.LDC2009T13_895_21,204780
38947@0_49,38947@0_43,38947@0,Leslie Mann-Katherine Heigl,f,38947@0_49-38947@0_43,155018
eng-NG-31-141955-9977438_862_7,eng-NG-31-141955-9977438_862_10,eng-NG-31-141955-9977438_862,Moses-Aaron,f,eng-NG-31-141955-9977438_862_7-eng-NG-31-141955-9977438_862_10,29031
APW_ENG_20070917.0017.LDC2009T13_245_35,APW_ENG_20070917.0017.LDC2009T13_245_16,APW_ENG_20070917.0017.LDC2009T13_245,Steve Carell-Eva Longoria,f,APW_ENG_20070917.0017.LDC2009T13_245_35-APW_ENG_20070917.0017.LDC2009T13_245_16,262580
eng-WL-11-174595-12967801_186_12,eng-WL-11-174595-12967801_186_0,eng-WL-11-174595-12967801_186,Deborah Kaplan-Ryan Phillippe,f,eng-WL-11-174595-12967801_186_12-eng-WL-11-174595-12967801_186_0,126997
NYT_ENG_20070313.0041.LDC2009T13_253_15,NYT_ENG_20070313.0041.LDC2009T13_253_8,NYT_ENG_20070313.0041.LDC2009T13_253,Rachel-Andrew Jackson,f,NYT_ENG_20070313.0041.LDC2009T13_253_15-NYT_ENG_20070313.0041.LDC2009T13_253_8,56648
LTW_ENG_20081114.0073.LDC2009T13_247_50,LTW_ENG_20081114.0073.LDC2009T13_247_28,LTW_ENG_20081114.0073.LDC2009T13_247,Emmanuelle Devos-Catherine Deneuve,f,LTW_ENG_20081114.0073.LDC2009T13_247_50-LTW_ENG_20081114.0073.LDC2009T13_247_28,245569
eng-WL-11-174592-12941134_88_17,eng-WL-11-174592-12941134_88_0,eng-WL-11-174592-12941134_88,Steven Weber-Nora,f,eng-WL-11-174592-12941134_88_17-eng-WL-11-174592-12941134_88_0,103824
NYT_ENG_20070815.0038.LDC2009T13_143_57,NYT_ENG_20070815.0038.LDC2009T13_143_19,NYT_ENG_20070815.0038.LDC2009T13_143,Jackie Gleason-Bob Newhart,f,NYT_ENG_20070815.0038.LDC2009T13_143_57-NYT_ENG_20070815.0038.LDC2009T13_143_19,224568
NYT_ENG_20080327.0098.LDC2009T13_506_37,NYT_ENG_20080327.0098.LDC2009T13_506_6,NYT_ENG_20080327.0098.LDC2009T13_506,Patty-Sean Astin,f,NYT_ENG_20080327.0098.LDC2009T13_506_37-NYT_ENG_20080327.0098.LDC2009T13_506_6,128370
NYT_ENG_20070104.0091.LDC2009T13_121_26,NYT_ENG_20070104.0091.LDC2009T13_121_19,NYT_ENG_20070104.0091.LDC2009T13_121,Hillary Rodham Clinton-Chelsea Clinton,f,NYT_ENG_20070104.0091.LDC2009T13_121_26-NYT_ENG_20070104.0091.LDC2009T13_121_19,15897
eng-WL-11-174598-12964778_16460_40,eng-WL-11-174598-12964778_16460_21,eng-WL-11-174598-12964778_16460,Natalie Portman-Peggy Lipton,f,eng-WL-11-174598-12964778_16460_40-eng-WL-11-174598-12964778_16460_21,71318
97469@19_14,97469@19_2,97469@19,Daniel-Nicolas Sarkozy,f,97469@19_14-97469@19_2,232299
132638@36_6,132638@36_16,132638@36,McCain-McCain,f,132638@36_6-132638@36_16,113949
NYT_ENG_20080927.0046.LDC2009T13_1210_47,NYT_ENG_20080927.0046.LDC2009T13_1210_2,NYT_ENG_20080927.0046.LDC2009T13_1210,James Remar-Michael C. Hall,f,NYT_ENG_20080927.0046.LDC2009T13_1210_47-NYT_ENG_20080927.0046.LDC2009T13_1210_2,33328
NYT_ENG_20081023.0201.LDC2009T13_316_13,NYT_ENG_20081023.0201.LDC2009T13_316_33,NYT_ENG_20081023.0201.LDC2009T13_316,Jacob-Joseph,f,NYT_ENG_20081023.0201.LDC2009T13_316_13-NYT_ENG_20081023.0201.LDC2009T13_316_33,245819
133702@13_7,133702@13_12,133702@13,Haley Barbour-Charlie Crist,f,133702@13_7-133702@13_12,191057
APW_ENG_20080410.0168.LDC2009T13_219_64,APW_ENG_20080410.0168.LDC2009T13_219_0,APW_ENG_20080410.0168.LDC2009T13_219,Norman Mailer-Mailer,f,APW_ENG_20080410.0168.LDC2009T13_219_64-APW_ENG_20080410.0168.LDC2009T13_219_0,100799
122380@9_45,122380@9_42,122380@9,Arthur Ashe-Walter Payton,f,122380@9_45-122380@9_42,113450
NYT_ENG_20080313.0093.LDC2009T13_1326_9,NYT_ENG_20080313.0093.LDC2009T13_1326_12,NYT_ENG_20080313.0093.LDC2009T13_1326,Laura Linney-Abigail Adams,f,NYT_ENG_20080313.0093.LDC2009T13_1326_9-NYT_ENG_20080313.0093.LDC2009T13_1326_12,263344
eng-NG-31-142091-9996501_516_20,eng-NG-31-142091-9996501_516_29,eng-NG-31-142091-9996501_516,Paul McCartney-Yoko Ono,f,eng-NG-31-142091-9996501_516_20-eng-NG-31-142091-9996501_516_29,220569
119865@53_5,119865@53_22,119865@53,Hoffman-Hoffman,f,119865@53_5-119865@53_22,113947
APW_ENG_20080909.1283.LDC2009T13_89_15,APW_ENG_20080909.1283.LDC2009T13_89_0,APW_ENG_20080909.1283.LDC2009T13_89,Warith Deen Mohammed-Mohammed,f,APW_ENG_20080909.1283.LDC2009T13_89_15-APW_ENG_20080909.1283.LDC2009T13_89_0,85741
XIN_ENG_20080826.0140.LDC2009T13_12_34,XIN_ENG_20080826.0140.LDC2009T13_12_23,XIN_ENG_20080826.0140.LDC2009T13_12,Michael Sata-Maureen Mwanawasa,f,XIN_ENG_20080826.0140.LDC2009T13_12_34-XIN_ENG_20080826.0140.LDC2009T13_12_23,93127
eng-WL-110-174612-12992998_70_58,eng-WL-110-174612-12992998_70_22,eng-WL-110-174612-12992998_70,Toni Braxton-Alicia Keys,f,eng-WL-110-174612-12992998_70_58-eng-WL-110-174612-12992998_70_22,188816
NYT_ENG_20070628.0134.LDC2009T13_882_51,NYT_ENG_20070628.0134.LDC2009T13_882_37,NYT_ENG_20070628.0134.LDC2009T13_882,Eileen Atkins-Natasha Richardson,f,NYT_ENG_20070628.0134.LDC2009T13_882_51-NYT_ENG_20070628.0134.LDC2009T13_882_37,242085
eng-WL-110-174612-12993964_34_47,eng-WL-110-174612-12993964_34_71,eng-WL-110-174612-12993964_34,Timbaland-Angie Stone,f,eng-WL-110-174612-12993964_34_47-eng-WL-110-174612-12993964_34_71,217742
AFP_ENG_20081105.0061.LDC2009T13_88_25,AFP_ENG_20081105.0061.LDC2009T13_88_4,AFP_ENG_20081105.0061.LDC2009T13_88,Jennifer Aniston-David Arquette,f,AFP_ENG_20081105.0061.LDC2009T13_88_25-AFP_ENG_20081105.0061.LDC2009T13_88_4,219744
eng-NG-31-102460-10983987_18_44,eng-NG-31-102460-10983987_18_3,eng-NG-31-102460-10983987_18,Neil Patrick Harris-Cameron Diaz,f,eng-NG-31-102460-10983987_18_44-eng-NG-31-102460-10983987_18_3,219011
NYT_ENG_20070516.0109.LDC2009T13_577_25,NYT_ENG_20070516.0109.LDC2009T13_577_7,NYT_ENG_20070516.0109.LDC2009T13_577,John Cleese-Cameron Diaz,f,NYT_ENG_20070516.0109.LDC2009T13_577_25-NYT_ENG_20070516.0109.LDC2009T13_577_7,171187
APW_ENG_20070622.1311.LDC2009T13_822_4,APW_ENG_20070622.1311.LDC2009T13_822_13,APW_ENG_20070622.1311.LDC2009T13_822,Mitt Romney-Tagg Romney,f,APW_ENG_20070622.1311.LDC2009T13_822_4-APW_ENG_20070622.1311.LDC2009T13_822_13,235244
APW_ENG_20070413.1574.LDC2009T13_283_6,APW_ENG_20070413.1574.LDC2009T13_283_0,APW_ENG_20070413.1574.LDC2009T13_283,John Lennon-Julian Lennon,f,APW_ENG_20070413.1574.LDC2009T13_283_6-APW_ENG_20070413.1574.LDC2009T13_283_0,165837
NYT_ENG_20070816.0130.LDC2009T13_885_76,NYT_ENG_20070816.0130.LDC2009T13_885_26,NYT_ENG_20070816.0130.LDC2009T13_885,Peter Dinklage-Daisy Donovan,f,NYT_ENG_20070816.0130.LDC2009T13_885_76-NYT_ENG_20070816.0130.LDC2009T13_885_26,108213
eng-NG-31-102460-10984386_149_45,eng-NG-31-102460-10984386_149_37,eng-NG-31-102460-10984386_149,Billy Graham-Franklin Graham,f,eng-NG-31-102460-10984386_149_45-eng-NG-31-102460-10984386_149_37,51116
APW_ENG_20070117.1335.LDC2009T13_741_70,APW_ENG_20070117.1335.LDC2009T13_741_20,APW_ENG_20070117.1335.LDC2009T13_741,John Cusack-Parker Posey,f,APW_ENG_20070117.1335.LDC2009T13_741_70-APW_ENG_20070117.1335.LDC2009T13_741_20,199953
eng-WL-11-174595-12972570_462_36,eng-WL-11-174595-12972570_462_77,eng-WL-11-174595-12972570_462,Tom Cruise-Barbra Streisand,f,eng-WL-11-174595-12972570_462_36-eng-WL-11-174595-12972570_462_77,151052
APW_ENG_20070701.0750.LDC2009T13_20_36,APW_ENG_20070701.0750.LDC2009T13_20_5,APW_ENG_20070701.0750.LDC2009T13_20,Bush-George W. Bush,f,APW_ENG_20070701.0750.LDC2009T13_20_36-APW_ENG_20070701.0750.LDC2009T13_20_5,43649
NYT_ENG_20081118.0160.LDC2009T13_820_7,NYT_ENG_20081118.0160.LDC2009T13_820_11,NYT_ENG_20081118.0160.LDC2009T13_820,Michelle Obama-Laura Bush,f,NYT_ENG_20081118.0160.LDC2009T13_820_7-NYT_ENG_20081118.0160.LDC2009T13_820_11,164525
eng-WL-110-174612-12992150_63_36,eng-WL-110-174612-12992150_63_43,eng-WL-110-174612-12992150_63,Christina Aguilera-Pharrell Williams,f,eng-WL-110-174612-12992150_63_36-eng-WL-110-174612-12992150_63_43,181833
eng-WL-110-174612-12992871_77_37,eng-WL-110-174612-12992871_77_18,eng-WL-110-174612-12992871_77,Britney Spears-Claudette Ortiz,f,eng-WL-110-174612-12992871_77_37-eng-WL-110-174612-12992871_77_18,112076
AFP_ENG_20080712.0014.LDC2009T13_84_26,AFP_ENG_20080712.0014.LDC2009T13_84_3,AFP_ENG_20080712.0014.LDC2009T13_84,Murcer-Murcer,f,AFP_ENG_20080712.0014.LDC2009T13_84_26-AFP_ENG_20080712.0014.LDC2009T13_84_3,101157
NYT_ENG_20070329.0028.LDC2009T13_426_35,NYT_ENG_20070329.0028.LDC2009T13_426_31,NYT_ENG_20070329.0028.LDC2009T13_426,Norman Mailer-Edmund Wilson,f,NYT_ENG_20070329.0028.LDC2009T13_426_35-NYT_ENG_20070329.0028.LDC2009T13_426_31,166024
NYT_ENG_20080313.0110.LDC2009T13_924_23,NYT_ENG_20080313.0110.LDC2009T13_924_54,NYT_ENG_20080313.0110.LDC2009T13_924,Will Arnett-Tommy,f,NYT_ENG_20080313.0110.LDC2009T13_924_23-NYT_ENG_20080313.0110.LDC2009T13_924_54,128998
LTW_ENG_20070429.0044.LDC2009T13_563_11,LTW_ENG_20070429.0044.LDC2009T13_563_25,LTW_ENG_20070429.0044.LDC2009T13_563,George W. Bush-Barbara Bush,f,LTW_ENG_20070429.0044.LDC2009T13_563_11-LTW_ENG_20070429.0044.LDC2009T13_563_25,107041
NYT_ENG_20080213.0092.LDC2009T13_742_14,NYT_ENG_20080213.0092.LDC2009T13_742_1,NYT_ENG_20080213.0092.LDC2009T13_742,Michael Rooker-Hayden Christensen,f,NYT_ENG_20080213.0092.LDC2009T13_742_14-NYT_ENG_20080213.0092.LDC2009T13_742_1,35510
LTW_ENG_20081122.0048.LDC2009T13_474_17,LTW_ENG_20081122.0048.LDC2009T13_474_12,LTW_ENG_20081122.0048.LDC2009T13_474,Spencer Tracy-Robert Stack,f,LTW_ENG_20081122.0048.LDC2009T13_474_17-LTW_ENG_20081122.0048.LDC2009T13_474_12,243326
66919@20_20,66919@20_13,66919@20,Nick-Richard Burton,f,66919@20_20-66919@20_13,41318
LTW_ENG_20081218.0067.LDC2009T13_784_4,LTW_ENG_20081218.0067.LDC2009T13_784_25,LTW_ENG_20081218.0067.LDC2009T13_784,Alan Rickman-Ernie Hudson,f,LTW_ENG_20081218.0067.LDC2009T13_784_4-LTW_ENG_20081218.0067.LDC2009T13_784_25,223679
NYT_ENG_20080124.0151.LDC2009T13_658_31,NYT_ENG_20080124.0151.LDC2009T13_658_34,NYT_ENG_20080124.0151.LDC2009T13_658,Catherine Deneuve-Danielle Darrieux,f,NYT_ENG_20080124.0151.LDC2009T13_658_31-NYT_ENG_20080124.0151.LDC2009T13_658_34,33165
LTW_ENG_20080521.0053.LDC2009T13_1011_29,LTW_ENG_20080521.0053.LDC2009T13_1011_37,LTW_ENG_20080521.0053.LDC2009T13_1011,Anna Kournikova-Gloria Estefan,f,LTW_ENG_20080521.0053.LDC2009T13_1011_29-LTW_ENG_20080521.0053.LDC2009T13_1011_37,67430
eng-WL-110-174612-12993923_69_10,eng-WL-110-174612-12993923_69_30,eng-WL-110-174612-12993923_69,Janet Jackson-Frankie J,f,eng-WL-110-174612-12993923_69_10-eng-WL-110-174612-12993923_69_30,87999
AFP_ENG_20070414.0183.LDC2009T13_435_10,AFP_ENG_20070414.0183.LDC2009T13_435_0,AFP_ENG_20070414.0183.LDC2009T13_435,Guy Ritchie-David,f,AFP_ENG_20070414.0183.LDC2009T13_435_10-AFP_ENG_20070414.0183.LDC2009T13_435_0,7002
NYT_ENG_20070209.0096.LDC2009T13_816_17,NYT_ENG_20070209.0096.LDC2009T13_816_20,NYT_ENG_20070209.0096.LDC2009T13_816,Liza Minnelli-Robert Downey Jr.,f,NYT_ENG_20070209.0096.LDC2009T13_816_17-NYT_ENG_20070209.0096.LDC2009T13_816_20,240671
LTW_ENG_20080723.0144.LDC2009T13_805_6,LTW_ENG_20080723.0144.LDC2009T13_805_18,LTW_ENG_20080723.0144.LDC2009T13_805,Sarah Churchill-Winston Churchill,f,LTW_ENG_20080723.0144.LDC2009T13_805_6-LTW_ENG_20080723.0144.LDC2009T13_805_18,204046
eng-WL-11-174573-12958470_1657_0,eng-WL-11-174573-12958470_1657_40,eng-WL-11-174573-12958470_1657,Sharon Stone-Kate,f,eng-WL-11-174573-12958470_1657_0-eng-WL-11-174573-12958470_1657_40,148068
77100@87_37,77100@87_12,77100@87,Mariska Hargitay-Brooke Shields,f,77100@87_37-77100@87_12,116530
LTW_ENG_20080108.0056.LDC2009T13_814_22,LTW_ENG_20080108.0056.LDC2009T13_814_20,LTW_ENG_20080108.0056.LDC2009T13_814,Joely Richardson-Natasha,f,LTW_ENG_20080108.0056.LDC2009T13_814_22-LTW_ENG_20080108.0056.LDC2009T13_814_20,204384
APW_ENG_20070403.0835.LDC2009T13_89_27,APW_ENG_20070403.0835.LDC2009T13_89_6,APW_ENG_20070403.0835.LDC2009T13_89,Sarah Jessica Parker-Paul Newman,f,APW_ENG_20070403.0835.LDC2009T13_89_27-APW_ENG_20070403.0835.LDC2009T13_89_6,140109
NYT_ENG_20081203.0008.LDC2009T13_973_7,NYT_ENG_20081203.0008.LDC2009T13_973_0,NYT_ENG_20081203.0008.LDC2009T13_973,Don Gordon-Odetta,f,NYT_ENG_20081203.0008.LDC2009T13_973_7-NYT_ENG_20081203.0008.LDC2009T13_973_0,72071
NYT_ENG_20070503.0100.LDC2009T13_1279_48,NYT_ENG_20070503.0100.LDC2009T13_1279_61,NYT_ENG_20070503.0100.LDC2009T13_1279,Bob Murawski-Danny Elfman,f,NYT_ENG_20070503.0100.LDC2009T13_1279_48-NYT_ENG_20070503.0100.LDC2009T13_1279_61,281154
APW_ENG_20070114.0222.LDC2009T13_183_16,APW_ENG_20070114.0222.LDC2009T13_183_67,APW_ENG_20070114.0222.LDC2009T13_183,James Franklin-Jacob Oram,f,APW_ENG_20070114.0222.LDC2009T13_183_16-APW_ENG_20070114.0222.LDC2009T13_183_67,262676
89851@22_28,89851@22_0,89851@22,Clinton-Clinton,f,89851@22_28-89851@22_0,232161
107943@25_2,107943@25_7,107943@25,Hillary Rodham Clinton-Barack Obama,f,107943@25_2-107943@25_7,228434
eng-WL-106-174566-12931288_23_12,eng-WL-106-174566-12931288_23_42,eng-WL-106-174566-12931288_23,Ben Gazzara-Joe Frazier,f,eng-WL-106-174566-12931288_23_12-eng-WL-106-174566-12931288_23_42,49931
NYT_ENG_20070226.0220.LDC2009T13_589_28,NYT_ENG_20070226.0220.LDC2009T13_589_21,NYT_ENG_20070226.0220.LDC2009T13_589,Joseph-Mary,f,NYT_ENG_20070226.0220.LDC2009T13_589_28-NYT_ENG_20070226.0220.LDC2009T13_589_21,36335
eng-WL-11-174595-12968055_496_27,eng-WL-11-174595-12968055_496_15,eng-WL-11-174595-12968055_496,Rebecca Gayheart-Sheryl Lee Ralph,f,eng-WL-11-174595-12968055_496_27-eng-WL-11-174595-12968055_496_15,220923
NYT_ENG_20070924.0101.LDC2009T13_116_25,NYT_ENG_20070924.0101.LDC2009T13_116_22,NYT_ENG_20070924.0101.LDC2009T13_116,Kristen Bell-Rachel Fox,f,NYT_ENG_20070924.0101.LDC2009T13_116_25-NYT_ENG_20070924.0101.LDC2009T13_116_22,93726
NYT_ENG_20071214.0135.LDC2009T13_8_23,NYT_ENG_20071214.0135.LDC2009T13_8_5,NYT_ENG_20071214.0135.LDC2009T13_8,Simone Signoret-Jim Morrison,f,NYT_ENG_20071214.0135.LDC2009T13_8_23-NYT_ENG_20071214.0135.LDC2009T13_8_5,151636
AFP_ENG_20081110.0552.LDC2009T13_455_43,AFP_ENG_20081110.0552.LDC2009T13_455_7,AFP_ENG_20081110.0552.LDC2009T13_455,Cameron White-Michael Clarke,f,AFP_ENG_20081110.0552.LDC2009T13_455_43-AFP_ENG_20081110.0552.LDC2009T13_455_7,106482
eng-WL-11-174595-12967850_657_7,eng-WL-11-174595-12967850_657_25,eng-WL-11-174595-12967850_657,Nick Lachey-Christina Milian,f,eng-WL-11-174595-12967850_657_7-eng-WL-11-174595-12967850_657_25,208555
AFP_ENG_20080415.0504.LDC2009T13_6_4,AFP_ENG_20080415.0504.LDC2009T13_6_33,AFP_ENG_20080415.0504.LDC2009T13_6,Helmut Kohl-Kohl,f,AFP_ENG_20080415.0504.LDC2009T13_6_4-AFP_ENG_20080415.0504.LDC2009T13_6_33,158391
AFP_ENG_20080430.0201.LDC2009T13_11_70,AFP_ENG_20080430.0201.LDC2009T13_11_9,AFP_ENG_20080430.0201.LDC2009T13_11,Elizabeth II-Mike Tindall,f,AFP_ENG_20080430.0201.LDC2009T13_11_70-AFP_ENG_20080430.0201.LDC2009T13_11_9,164666
eng-WL-11-174611-12982274_204_37,eng-WL-11-174611-12982274_204_34,eng-WL-11-174611-12982274_204,Chita Rivera-Judy Garland,f,eng-WL-11-174611-12982274_204_37-eng-WL-11-174611-12982274_204_34,220340
eng-WL-110-174612-12993790_90_17,eng-WL-110-174612-12993790_90_19,eng-WL-110-174612-12993790_90,Rihanna-Christina Milian,f,eng-WL-110-174612-12993790_90_17-eng-WL-110-174612-12993790_90_19,275780
eng-WL-110-174612-12991749_58_119,eng-WL-110-174612-12991749_58_153,eng-WL-110-174612-12991749_58,Gwen Stefani-Keri Hilson,f,eng-WL-110-174612-12991749_58_119-eng-WL-110-174612-12991749_58_153,170930
NYT_ENG_20070503.0100.LDC2009T13_1279_75,NYT_ENG_20070503.0100.LDC2009T13_1279_10,NYT_ENG_20070503.0100.LDC2009T13_1279,J. Michael Riva-Ivan Raimi,f,NYT_ENG_20070503.0100.LDC2009T13_1279_75-NYT_ENG_20070503.0100.LDC2009T13_1279_10,14839
eng-WL-109-174581-12950893_678_63,eng-WL-109-174581-12950893_678_42,eng-WL-109-174581-12950893_678,Frederique Van Der Wal-Elizabeth Berkley,f,eng-WL-109-174581-12950893_678_63-eng-WL-109-174581-12950893_678_42,31870
AFP_ENG_20080110.0772.LDC2009T13_337_16,AFP_ENG_20080110.0772.LDC2009T13_337_3,AFP_ENG_20080110.0772.LDC2009T13_337,Chiang Ching-kuo-Chen,f,AFP_ENG_20080110.0772.LDC2009T13_337_16-AFP_ENG_20080110.0772.LDC2009T13_337_3,215670
eng-NG-31-142893-10116373_581_49,eng-NG-31-142893-10116373_581_21,eng-NG-31-142893-10116373_581,David-Jacob,f,eng-NG-31-142893-10116373_581_49-eng-NG-31-142893-10116373_581_21,12506
NYT_ENG_20071004.0136.LDC2009T13_1016_5,NYT_ENG_20071004.0136.LDC2009T13_1016_30,NYT_ENG_20071004.0136.LDC2009T13_1016,Bobby Farrelly-Neil Simon,f,NYT_ENG_20071004.0136.LDC2009T13_1016_5-NYT_ENG_20071004.0136.LDC2009T13_1016_30,226840
eng-NG-31-100578-10894936_135_9,eng-NG-31-100578-10894936_135_45,eng-NG-31-100578-10894936_135,Bush-George W. Bush,f,eng-NG-31-100578-10894936_135_9-eng-NG-31-100578-10894936_135_45,149442
eng-WL-11-174611-12981687_6_12,eng-WL-11-174611-12981687_6_16,eng-WL-11-174611-12981687_6,Nancy Reagan-John McCain,f,eng-WL-11-174611-12981687_6_12-eng-WL-11-174611-12981687_6_16,187609
98134@59_21,98134@59_31,98134@59,Obama-Obama,f,98134@59_21-98134@59_31,271926
NYT_ENG_20070222.0063.LDC2009T13_312_15,NYT_ENG_20070222.0063.LDC2009T13_312_37,NYT_ENG_20070222.0063.LDC2009T13_312,Michael-Michael,f,NYT_ENG_20070222.0063.LDC2009T13_312_15-NYT_ENG_20070222.0063.LDC2009T13_312_37,103874
NYT_ENG_20071004.0136.LDC2009T13_1115_26,NYT_ENG_20071004.0136.LDC2009T13_1115_39,NYT_ENG_20071004.0136.LDC2009T13_1115,Rob Corddry-Scott Wilson,f,NYT_ENG_20071004.0136.LDC2009T13_1115_26-NYT_ENG_20071004.0136.LDC2009T13_1115_39,246600
45172@25_6,45172@25_28,45172@25,Lajos Koltai-Natasha Richardson,f,45172@25_6-45172@25_28,3210
eng-NG-31-100893-10928575_504_22,eng-NG-31-100893-10928575_504_14,eng-NG-31-100893-10928575_504,Isaac-Abram,f,eng-NG-31-100893-10928575_504_22-eng-NG-31-100893-10928575_504_14,263267
APW_ENG_20070202.0067.LDC2009T13_196_17,APW_ENG_20070202.0067.LDC2009T13_196_23,APW_ENG_20070202.0067.LDC2009T13_196,Garth Brooks-Dolly Parton,f,APW_ENG_20070202.0067.LDC2009T13_196_17-APW_ENG_20070202.0067.LDC2009T13_196_23,271647
APW_ENG_20070212.0156.LDC2009T13_32_16,APW_ENG_20070212.0156.LDC2009T13_32_22,APW_ENG_20070212.0156.LDC2009T13_32,Natalie Maines-Dan Wilson,f,APW_ENG_20070212.0156.LDC2009T13_32_16-APW_ENG_20070212.0156.LDC2009T13_32_22,162351
LTW_ENG_20070718.0033.LDC2009T13_786_20,LTW_ENG_20070718.0033.LDC2009T13_786_26,LTW_ENG_20070718.0033.LDC2009T13_786,Glenn Kessler-Daniel Zelman,f,LTW_ENG_20070718.0033.LDC2009T13_786_20-LTW_ENG_20070718.0033.LDC2009T13_786_26,167176
69602@14_3,69602@14_27,69602@14,Bob Dylan-Slash,f,69602@14_3-69602@14_27,79268
XIN_ENG_20071230.0100.LDC2009T13_20_25,XIN_ENG_20071230.0100.LDC2009T13_20_5,XIN_ENG_20071230.0100.LDC2009T13_20,Bhutto-Benazir Bhutto,f,XIN_ENG_20071230.0100.LDC2009T13_20_25-XIN_ENG_20071230.0100.LDC2009T13_20_5,112307
9812@14_10,9812@14_20,9812@14,George Reeves-Adrien Brody,f,9812@14_10-9812@14_20,60703
38725@42_4,38725@42_8,38725@42,Debbie-Pete,f,38725@42_4-38725@42_8,154440
43951@14_21,43951@14_42,43951@14,John Cassavetes-Josh Hamilton,f,43951@14_21-43951@14_42,59214
AFP_ENG_20080708.0310.LDC2009T13_221_62,AFP_ENG_20080708.0310.LDC2009T13_221_56,AFP_ENG_20080708.0310.LDC2009T13_221,Mohammed Kaif-Dinesh Karthik,f,AFP_ENG_20080708.0310.LDC2009T13_221_62-AFP_ENG_20080708.0310.LDC2009T13_221_56,99312
LTW_ENG_20081028.0150.LDC2009T13_932_33,LTW_ENG_20081028.0150.LDC2009T13_932_0,LTW_ENG_20081028.0150.LDC2009T13_932,Garry Watson-Watson,f,LTW_ENG_20081028.0150.LDC2009T13_932_33-LTW_ENG_20081028.0150.LDC2009T13_932_0,184421
1938@19_17,1938@19_19,1938@19,Helen-Barbara Flynn,f,1938@19_17-1938@19_19,152989
AFP_ENG_20070206.0377.LDC2009T13_739_24,AFP_ENG_20070206.0377.LDC2009T13_739_30,AFP_ENG_20070206.0377.LDC2009T13_739,Frank Lampard-Peter Crouch,f,AFP_ENG_20070206.0377.LDC2009T13_739_24-AFP_ENG_20070206.0377.LDC2009T13_739_30,4630
APW_ENG_20070831.0069.LDC2009T13_61_11,APW_ENG_20070831.0069.LDC2009T13_61_61,APW_ENG_20070831.0069.LDC2009T13_61,Russell Crowe-Tim Burton,f,APW_ENG_20070831.0069.LDC2009T13_61_11-APW_ENG_20070831.0069.LDC2009T13_61_61,216383
eng-WL-11-174594-12964050_112_68,eng-WL-11-174594-12964050_112_16,eng-WL-11-174594-12964050_112,Jennifer Hudson-Carrie Underwood,f,eng-WL-11-174594-12964050_112_68-eng-WL-11-174594-12964050_112_16,261869
APW_ENG_20080706.0381.LDC2009T13_127_2,APW_ENG_20080706.0381.LDC2009T13_127_11,APW_ENG_20080706.0381.LDC2009T13_127,Michael Clarke-Michael Hussey,f,APW_ENG_20080706.0381.LDC2009T13_127_2-APW_ENG_20080706.0381.LDC2009T13_127_11,159800
eng-NG-31-142891-10111036_452_18,eng-NG-31-142891-10111036_452_6,eng-NG-31-142891-10111036_452,Solomon-David,f,eng-NG-31-142891-10111036_452_18-eng-NG-31-142891-10111036_452_6,203070
84645@44_20,84645@44_7,84645@44,Miller-John R. Miller,f,84645@44_20-84645@44_7,117696
APW_ENG_20080201.0077.LDC2009T13_311_30,APW_ENG_20080201.0077.LDC2009T13_311_37,APW_ENG_20080201.0077.LDC2009T13_311,Meryl Streep-Amy Adams,f,APW_ENG_20080201.0077.LDC2009T13_311_30-APW_ENG_20080201.0077.LDC2009T13_311_37,159075
NYT_ENG_20071219.0086.LDC2009T13_1098_14,NYT_ENG_20071219.0086.LDC2009T13_1098_20,NYT_ENG_20071219.0086.LDC2009T13_1098,Ben Gazzara-Fred,f,NYT_ENG_20071219.0086.LDC2009T13_1098_14-NYT_ENG_20071219.0086.LDC2009T13_1098_20,18315
118238@9_11,118238@9_31,118238@9,Keating-Keating,f,118238@9_11-118238@9_31,38630
eng-WL-109-174581-12951210_3822_9,eng-WL-109-174581-12951210_3822_2,eng-WL-109-174581-12951210_3822,Tim Burton-Johnny Depp,f,eng-WL-109-174581-12951210_3822_9-eng-WL-109-174581-12951210_3822_2,29730
97250@1_35,97250@1_14,97250@1,Lauren Hutton-Dustin Hoffman,f,97250@1_35-97250@1_14,232533
eng-WL-11-174595-12967589_114_40,eng-WL-11-174595-12967589_114_61,eng-WL-11-174595-12967589_114,Christopher Guest-Randy Quaid,f,eng-WL-11-174595-12967589_114_40-eng-WL-11-174595-12967589_114_61,106914
140708@9_18,140708@9_21,140708@9,Anthony Edwards-Noah Wyle,f,140708@9_18-140708@9_21,248678
64529@120_23,64529@120_60,64529@120,Josh Brolin-Brolin,f,64529@120_23-64529@120_60,2318
NYT_ENG_20070602.0029.LDC2009T13_76_40,NYT_ENG_20070602.0029.LDC2009T13_76_71,NYT_ENG_20070602.0029.LDC2009T13_76,Elizabeth Taylor-Joan Collins,f,NYT_ENG_20070602.0029.LDC2009T13_76_40-NYT_ENG_20070602.0029.LDC2009T13_76_71,144225
CNA_ENG_20080101.0044.LDC2009T13_25_20,CNA_ENG_20080101.0044.LDC2009T13_25_15,CNA_ENG_20080101.0044.LDC2009T13_25,Chiang Ching-kuo-Chiang Kai-shek,f,CNA_ENG_20080101.0044.LDC2009T13_25_20-CNA_ENG_20080101.0044.LDC2009T13_25_15,278448
38947@0_43,38947@0_46,38947@0,Katherine Heigl-Paul Rudd,f,38947@0_43-38947@0_46,41351
NYT_ENG_20071212.0091.LDC2009T13_203_31,NYT_ENG_20071212.0091.LDC2009T13_203_26,NYT_ENG_20071212.0091.LDC2009T13_203,Ted Turner-Peter Fonda,f,NYT_ENG_20071212.0091.LDC2009T13_203_31-NYT_ENG_20071212.0091.LDC2009T13_203_26,207796
eng-WL-11-174643-12999685_0_14,eng-WL-11-174643-12999685_0_11,eng-WL-11-174643-12999685_0,Sandy Dennis-Richard Burton,f,eng-WL-11-174643-12999685_0_14-eng-WL-11-174643-12999685_0_11,54253
32196@22_19,32196@22_25,32196@22,Olympia Dukakis-Grant,f,32196@22_19-32196@22_25,154420
APW_ENG_20080718.0785.LDC2009T13_33_15,APW_ENG_20080718.0785.LDC2009T13_33_2,APW_ENG_20080718.0785.LDC2009T13_33,Aishwarya Rai Bachchan-Amitabh Bachchan,f,APW_ENG_20080718.0785.LDC2009T13_33_15-APW_ENG_20080718.0785.LDC2009T13_33_2,144719
eng-WL-110-174612-12992696_64_7,eng-WL-110-174612-12992696_64_22,eng-WL-110-174612-12992696_64,Mario Winans-Christina Aguilera,f,eng-WL-110-174612-12992696_64_7-eng-WL-110-174612-12992696_64_22,260666
eng-WL-110-174612-12993306_89_44,eng-WL-110-174612-12993306_89_28,eng-WL-110-174612-12993306_89,Mary J. Blige-Gwen Stefani,f,eng-WL-110-174612-12993306_89_44-eng-WL-110-174612-12993306_89_28,144278
eng-WL-11-174588-12938020_3814_22,eng-WL-11-174588-12938020_3814_25,eng-WL-11-174588-12938020_3814,Shirley MacLaine-Warren Beatty,f,eng-WL-11-174588-12938020_3814_22-eng-WL-11-174588-12938020_3814_25,69479
56239@7_66,56239@7_51,56239@7,Gracie Allen-Milton Berle,f,56239@7_66-56239@7_51,213597
eng-WL-11-174587-12962295_32_20,eng-WL-11-174587-12962295_32_23,eng-WL-11-174587-12962295_32,Spencer Pratt-Stephanie Pratt,f,eng-WL-11-174587-12962295_32_20-eng-WL-11-174587-12962295_32_23,88885
eng-WL-11-174577-12934942_18_2,eng-WL-11-174577-12934942_18_6,eng-WL-11-174577-12934942_18,Lindsay Lohan-Michael Lohan,f,eng-WL-11-174577-12934942_18_2-eng-WL-11-174577-12934942_18_6,89329
145887@21_0,145887@21_14,145887@21,Carl Reiner-Reiner,f,145887@21_0-145887@21_14,191563
AFP_ENG_20070203.0443.LDC2009T13_156_27,AFP_ENG_20070203.0443.LDC2009T13_156_21,AFP_ENG_20070203.0443.LDC2009T13_156,Daniel Vettori-Scott Styris,f,AFP_ENG_20070203.0443.LDC2009T13_156_27-AFP_ENG_20070203.0443.LDC2009T13_156_21,215648
eng-WL-11-174588-12938642_2442_35,eng-WL-11-174588-12938642_2442_53,eng-WL-11-174588-12938642_2442,Robert Mitchum-Nicole Kidman,f,eng-WL-11-174588-12938642_2442_35-eng-WL-11-174588-12938642_2442_53,29376
eng-WL-11-174594-12961480_84_12,eng-WL-11-174594-12961480_84_33,eng-WL-11-174594-12961480_84,David Beckham-David Beckham,f,eng-WL-11-174594-12961480_84_12-eng-WL-11-174594-12961480_84_33,278404
APW_ENG_20071110.0817.LDC2009T13_141_31,APW_ENG_20071110.0817.LDC2009T13_141_57,APW_ENG_20071110.0817.LDC2009T13_141,Oscar Goodman-Rich Little,f,APW_ENG_20071110.0817.LDC2009T13_141_31-APW_ENG_20071110.0817.LDC2009T13_141_57,10463
APW_ENG_20070809.0151.LDC2009T13_372_28,APW_ENG_20070809.0151.LDC2009T13_372_43,APW_ENG_20070809.0151.LDC2009T13_372,Brendon McCullum-Scott Styris,f,APW_ENG_20070809.0151.LDC2009T13_372_28-APW_ENG_20070809.0151.LDC2009T13_372_43,70201
AFP_ENG_20081007.0429.LDC2009T13_279_12,AFP_ENG_20081007.0429.LDC2009T13_279_8,AFP_ENG_20081007.0429.LDC2009T13_279,Hirohito-Akihito,f,AFP_ENG_20081007.0429.LDC2009T13_279_12-AFP_ENG_20081007.0429.LDC2009T13_279_8,83031
45467@27_30,45467@27_51,45467@27,Hugh Dancy-Eileen Atkins,f,45467@27_30-45467@27_51,78151
APW_ENG_20080906.0563.LDC2009T13_117_45,APW_ENG_20080906.0563.LDC2009T13_117_51,APW_ENG_20080906.0563.LDC2009T13_117,John Malkovich-Richard Jenkins,f,APW_ENG_20080906.0563.LDC2009T13_117_45-APW_ENG_20080906.0563.LDC2009T13_117_51,183029
82383@26_79,82383@26_64,82383@26,Michael Douglas-Steve Martin,f,82383@26_79-82383@26_64,157029
NYT_ENG_20080727.0041.LDC2009T13_540_15,NYT_ENG_20080727.0041.LDC2009T13_540_12,NYT_ENG_20080727.0041.LDC2009T13_540,Matt Damon-Jennifer Garner,f,NYT_ENG_20080727.0041.LDC2009T13_540_15-NYT_ENG_20080727.0041.LDC2009T13_540_12,166819
APW_ENG_20080502.0164.LDC2009T13_584_24,APW_ENG_20080502.0164.LDC2009T13_584_1,APW_ENG_20080502.0164.LDC2009T13_584,Eugene McCarthy-Johnson,f,APW_ENG_20080502.0164.LDC2009T13_584_24-APW_ENG_20080502.0164.LDC2009T13_584_1,10609
eng-WL-11-174595-12971749_6_43,eng-WL-11-174595-12971749_6_22,eng-WL-11-174595-12971749_6,Pete-Pete Wentz,f,eng-WL-11-174595-12971749_6_43-eng-WL-11-174595-12971749_6_22,261899
32186@38_88,32186@38_9,32186@38,Laura Ziskin-Sam Raimi,f,32186@38_88-32186@38_9,230965
LTW_ENG_20071116.0017.LDC2009T13_392_21,LTW_ENG_20071116.0017.LDC2009T13_392_8,LTW_ENG_20071116.0017.LDC2009T13_392,George Jones-Conway Twitty,f,LTW_ENG_20071116.0017.LDC2009T13_392_21-LTW_ENG_20071116.0017.LDC2009T13_392_8,170583
eng-NG-31-107915-11999015_46_35,eng-NG-31-107915-11999015_46_57,eng-NG-31-107915-11999015_46,Nigel Mansell-Alain Prost,f,eng-NG-31-107915-11999015_46_35-eng-NG-31-107915-11999015_46_57,273800
AFP_ENG_20080420.0354.LDC2009T13_83_19,AFP_ENG_20080420.0354.LDC2009T13_83_2,AFP_ENG_20080420.0354.LDC2009T13_83,Rupert Murdoch-Cate Blanchett,f,AFP_ENG_20080420.0354.LDC2009T13_83_19-AFP_ENG_20080420.0354.LDC2009T13_83_2,157822
APW_ENG_20081218.0164.LDC2009T13_274_1,APW_ENG_20081218.0164.LDC2009T13_274_12,APW_ENG_20081218.0164.LDC2009T13_274,Jabir Herbert Muhammad-Muhammad Ali,f,APW_ENG_20081218.0164.LDC2009T13_274_1-APW_ENG_20081218.0164.LDC2009T13_274_12,236905
eng-WL-109-174581-12951288_83_20,eng-WL-109-174581-12951288_83_25,eng-WL-109-174581-12951288_83,Jake Gyllenhaal-Maggie Gyllenhaal,f,eng-WL-109-174581-12951288_83_20-eng-WL-109-174581-12951288_83_25,208356
eng-WL-110-174612-12991749_58_150,eng-WL-110-174612-12991749_58_49,eng-WL-110-174612-12991749_58,Michelle Williams-Ashlee Simpson,f,eng-WL-110-174612-12991749_58_150-eng-WL-110-174612-12991749_58_49,208910
eng-WL-11-174588-12938193_6_53,eng-WL-11-174588-12938193_6_32,eng-WL-11-174588-12938193_6,Tony Bennett-John Quincy Adams,f,eng-WL-11-174588-12938193_6_53-eng-WL-11-174588-12938193_6_32,68936
145465@12_28,145465@12_52,145465@12,David Fincher-Nicole Kidman,f,145465@12_28-145465@12_52,96022
APW_ENG_20070803.0940.LDC2009T13_226_13,APW_ENG_20070803.0940.LDC2009T13_226_0,APW_ENG_20070803.0940.LDC2009T13_226,David-Madonna,f,APW_ENG_20070803.0940.LDC2009T13_226_13-APW_ENG_20070803.0940.LDC2009T13_226_0,66389
32196@35_14,32196@35_26,32196@35,Olympia Dukakis-Michael Murphy,f,32196@35_14-32196@35_26,211689
eng-WL-11-174577-12937083_10_9,eng-WL-11-174577-12937083_10_2,eng-WL-11-174577-12937083_10,Lindsay-Lindsay Lohan,f,eng-WL-11-174577-12937083_10_9-eng-WL-11-174577-12937083_10_2,241028
82383@26_23,82383@26_67,82383@26,James Denton-Paul Newman,f,82383@26_23-82383@26_67,233089
39154@3_59,39154@3_65,39154@3,Audrey Hepburn-Paul Newman,f,39154@3_59-39154@3_65,211861
APW_ENG_20070524.0883.LDC2009T13_361_33,APW_ENG_20070524.0883.LDC2009T13_361_30,APW_ENG_20070524.0883.LDC2009T13_361,Maggie Cheung-Don Cheadle,f,APW_ENG_20070524.0883.LDC2009T13_361_33-APW_ENG_20070524.0883.LDC2009T13_361_30,255063
LTW_ENG_20081203.0075.LDC2009T13_535_66,LTW_ENG_20081203.0075.LDC2009T13_535_81,LTW_ENG_20081203.0075.LDC2009T13_535,Ellen Burstyn-Tom Fontana,f,LTW_ENG_20081203.0075.LDC2009T13_535_66-LTW_ENG_20081203.0075.LDC2009T13_535_81,204228
eng-WL-11-174598-12965250_4206_29,eng-WL-11-174598-12965250_4206_6,eng-WL-11-174598-12965250_4206,Anne-Joachim,f,eng-WL-11-174598-12965250_4206_29-eng-WL-11-174598-12965250_4206_6,87161
39154@3_59,39154@3_62,39154@3,Audrey Hepburn-Tony Curtis,f,39154@3_59-39154@3_62,211862
eng-WL-11-174595-12967589_114_61,eng-WL-11-174595-12967589_114_30,eng-WL-11-174595-12967589_114,Randy Quaid-Maggie Gyllenhaal,f,eng-WL-11-174595-12967589_114_61-eng-WL-11-174595-12967589_114_30,12793
23932@29_16,23932@29_3,23932@29,Clinton-Bill Clinton,f,23932@29_16-23932@29_3,78089
LTW_ENG_20070512.0018.LDC2009T13_1371_7,LTW_ENG_20070512.0018.LDC2009T13_1371_13,LTW_ENG_20070512.0018.LDC2009T13_1371,Toni Collette-Hugh Dancy,f,LTW_ENG_20070512.0018.LDC2009T13_1371_7-LTW_ENG_20070512.0018.LDC2009T13_1371_13,50267
APW_ENG_20080129.1357.LDC2009T13_213_15,APW_ENG_20080129.1357.LDC2009T13_213_6,APW_ENG_20080129.1357.LDC2009T13_213,Ringo Starr-Paul McCartney,f,APW_ENG_20080129.1357.LDC2009T13_213_15-APW_ENG_20080129.1357.LDC2009T13_213_6,232250
eng-WL-110-174612-12993715_71_71,eng-WL-110-174612-12993715_71_38,eng-WL-110-174612-12993715_71,Claudette Ortiz-Jermaine Dupri,f,eng-WL-110-174612-12993715_71_71-eng-WL-110-174612-12993715_71_38,164811
eng-WL-110-174612-12993900_9_39,eng-WL-110-174612-12993900_9_51,eng-WL-110-174612-12993900_9,Janet Jackson-Toni Braxton,f,eng-WL-110-174612-12993900_9_39-eng-WL-110-174612-12993900_9_51,183171
eng-WL-11-174592-12942453_16_19,eng-WL-11-174592-12942453_16_22,eng-WL-11-174592-12942453_16,Sara Ramirez-Eric Dane,f,eng-WL-11-174592-12942453_16_19-eng-WL-11-174592-12942453_16_22,83926
eng-WL-110-174612-12992360_67_52,eng-WL-110-174612-12992360_67_27,eng-WL-110-174612-12992360_67,Nelly Furtado-Chris Brown,f,eng-WL-110-174612-12992360_67_52-eng-WL-110-174612-12992360_67_27,143342
APW_ENG_20071219.0993.LDC2009T13_700_23,APW_ENG_20071219.0993.LDC2009T13_700_9,APW_ENG_20071219.0993.LDC2009T13_700,Ishmael-Abraham,f,APW_ENG_20071219.0993.LDC2009T13_700_23-APW_ENG_20071219.0993.LDC2009T13_700_9,118351
eng-NG-31-142446-10045942_275_14,eng-NG-31-142446-10045942_275_12,eng-NG-31-142446-10045942_275,Jacob-Esau,f,eng-NG-31-142446-10045942_275_14-eng-NG-31-142446-10045942_275_12,87219
NYT_ENG_20080213.0066.LDC2009T13_659_2,NYT_ENG_20080213.0066.LDC2009T13_659_5,NYT_ENG_20080213.0066.LDC2009T13_659,Hayden Christensen-David Rice,f,NYT_ENG_20080213.0066.LDC2009T13_659_2-NYT_ENG_20080213.0066.LDC2009T13_659_5,188707
eng-NG-31-101177-10944963_741_22,eng-NG-31-101177-10944963_741_18,eng-NG-31-101177-10944963_741,John-Michael,f,eng-NG-31-101177-10944963_741_22-eng-NG-31-101177-10944963_741_18,5828
APW_ENG_20070917.0792.LDC2009T13_267_41,APW_ENG_20070917.0792.LDC2009T13_267_26,APW_ENG_20070917.0792.LDC2009T13_267,Lisa Rinna-Kevin Bacon,f,APW_ENG_20070917.0792.LDC2009T13_267_41-APW_ENG_20070917.0792.LDC2009T13_267_26,7569
93111@27_20,93111@27_10,93111@27,Bill Clinton-Clinton,f,93111@27_20-93111@27_10,251847
eng-WL-110-174612-12992130_44_55,eng-WL-110-174612-12992130_44_29,eng-WL-110-174612-12992130_44,Claudette Ortiz-Solange Knowles,f,eng-WL-110-174612-12992130_44_55-eng-WL-110-174612-12992130_44_29,54593
NYT_ENG_20080111.0204.LDC2009T13_637_3,NYT_ENG_20080111.0204.LDC2009T13_637_43,NYT_ENG_20080111.0204.LDC2009T13_637,Leonardo DiCaprio-Claudia Jordan,f,NYT_ENG_20080111.0204.LDC2009T13_637_3-NYT_ENG_20080111.0204.LDC2009T13_637_43,35167
XIN_ENG_20071126.0056.LDC2009T13_16_1,XIN_ENG_20071126.0056.LDC2009T13_16_14,XIN_ENG_20071126.0056.LDC2009T13_16,Shao Hua-Mao Zedong,f,XIN_ENG_20071126.0056.LDC2009T13_16_1-XIN_ENG_20071126.0056.LDC2009T13_16_14,263175
99711@5_47,99711@5_38,99711@5,Dustin Hoffman-Josh Hartnett,f,99711@5_47-99711@5_38,251970
38715@10_42,38715@10_45,38715@10,Nick Nolte-Gena Rowlands,f,38715@10_42-38715@10_45,211881
40427@30_17,40427@30_8,40427@30,Kevin Federline-Whitney Houston,f,40427@30_17-40427@30_8,211786
48462@12_16,48462@12_1,48462@12,Scott-Johnson,f,48462@12_16-48462@12_1,174623
72549@33_2,72549@33_33,72549@33,Anthony Hopkins-Kevin McCarthy,f,72549@33_2-72549@33_33,271219
48462@12_1,48462@12_5,48462@12,Johnson-Luci Baines Johnson,f,48462@12_1-48462@12_5,60076
115861@13_20,115861@13_15,115861@13,Hillary Rodham Clinton-Michelle Obama,f,115861@13_20-115861@13_15,248197
NYT_ENG_20070516.0060.LDC2009T13_790_8,NYT_ENG_20070516.0060.LDC2009T13_790_12,NYT_ENG_20070516.0060.LDC2009T13_790,Chris Miller-Mike Myers,f,NYT_ENG_20070516.0060.LDC2009T13_790_8-NYT_ENG_20070516.0060.LDC2009T13_790_12,54431
LTW_ENG_20080114.0062.LDC2009T13_232_5,LTW_ENG_20080114.0062.LDC2009T13_232_8,LTW_ENG_20080114.0062.LDC2009T13_232,Diego Rivera-Rivera,f,LTW_ENG_20080114.0062.LDC2009T13_232_5-LTW_ENG_20080114.0062.LDC2009T13_232_8,127285
AFP_ENG_20080815.0729.LDC2009T13_8_17,AFP_ENG_20080815.0729.LDC2009T13_8_23,AFP_ENG_20080815.0729.LDC2009T13_8,Michael Clarke-Michael Hussey,f,AFP_ENG_20080815.0729.LDC2009T13_8_17-AFP_ENG_20080815.0729.LDC2009T13_8_23,255918
34568@64_0,34568@64_11,34568@64,Gary Valentine-Kevin James,f,34568@64_0-34568@64_11,2056
87407@56_70,87407@56_77,87407@56,Tommy Lee Jones-Reese Witherspoon,f,87407@56_70-87407@56_77,3790
LTW_ENG_20080825.0033.LDC2009T13_42_13,LTW_ENG_20080825.0033.LDC2009T13_42_24,LTW_ENG_20080825.0033.LDC2009T13_42,Ken Burns-John F. Kennedy,f,LTW_ENG_20080825.0033.LDC2009T13_42_13-LTW_ENG_20080825.0033.LDC2009T13_42_24,280725
NYT_ENG_20071024.0173.LDC2009T13_464_24,NYT_ENG_20071024.0173.LDC2009T13_464_21,NYT_ENG_20071024.0173.LDC2009T13_464,S. Epatha Merkerson-Jeffrey Tambor,f,NYT_ENG_20071024.0173.LDC2009T13_464_24-NYT_ENG_20071024.0173.LDC2009T13_464_21,11864
eng-WL-110-174612-12992871_77_25,eng-WL-110-174612-12992871_77_34,eng-WL-110-174612-12992871_77,Syleena Johnson-Christina Milian,f,eng-WL-110-174612-12992871_77_25-eng-WL-110-174612-12992871_77_34,246480
APW_ENG_20070816.1525.LDC2009T13_691_66,APW_ENG_20070816.1525.LDC2009T13_691_40,APW_ENG_20070816.1525.LDC2009T13_691,Theodore Roosevelt-Lynda Bird Johnson Robb,f,APW_ENG_20070816.1525.LDC2009T13_691_66-APW_ENG_20070816.1525.LDC2009T13_691_40,256413
45172@25_22,45172@25_34,45172@25,Hugh Dancy-Glenn Close,f,45172@25_22-45172@25_34,231518
eng-WL-110-174612-12992170_183_45,eng-WL-110-174612-12992170_183_42,eng-WL-110-174612-12992170_183,Deborah Cox-Terry Lewis,f,eng-WL-110-174612-12992170_183_45-eng-WL-110-174612-12992170_183_42,106048
LTW_ENG_20080906.0018.LDC2009T13_794_11,LTW_ENG_20080906.0018.LDC2009T13_794_27,LTW_ENG_20080906.0018.LDC2009T13_794,Kenneth Koch-Jean Tinguely,f,LTW_ENG_20080906.0018.LDC2009T13_794_11-LTW_ENG_20080906.0018.LDC2009T13_794_27,185079
102122@21_57,102122@21_20,102122@21,Diane Schuur-Dexter Gordon,f,102122@21_57-102122@21_20,94816
APW_ENG_20070527.0119.LDC2009T13_86_17,APW_ENG_20070527.0119.LDC2009T13_86_28,APW_ENG_20070527.0119.LDC2009T13_86,Jennifer Lopez-Enrique Iglesias,f,APW_ENG_20070527.0119.LDC2009T13_86_17-APW_ENG_20070527.0119.LDC2009T13_86_28,197338
eng-NG-31-100892-10928115_231_3,eng-NG-31-100892-10928115_231_7,eng-NG-31-100892-10928115_231,Noah-Shem,f,eng-NG-31-100892-10928115_231_3-eng-NG-31-100892-10928115_231_7,178842
118549@39_3,118549@39_52,118549@39,Johnson-Johnson,f,118549@39_3-118549@39_52,152146
LTW_ENG_20071031.0034.LDC2009T13_300_34,LTW_ENG_20071031.0034.LDC2009T13_300_44,LTW_ENG_20071031.0034.LDC2009T13_300,Norah Jones-Ravi Shankar,f,LTW_ENG_20071031.0034.LDC2009T13_300_34-LTW_ENG_20071031.0034.LDC2009T13_300_44,87085
NYT_ENG_20071102.0041.LDC2009T13_500_38,NYT_ENG_20071102.0041.LDC2009T13_500_26,NYT_ENG_20071102.0041.LDC2009T13_500,Richard Schiff-Joan Cusack,f,NYT_ENG_20071102.0041.LDC2009T13_500_38-NYT_ENG_20071102.0041.LDC2009T13_500_26,149867
eng-WL-110-174612-12991917_28_22,eng-WL-110-174612-12991917_28_25,eng-WL-110-174612-12991917_28,Lionel Richie-Mariah Carey,f,eng-WL-110-174612-12991917_28_22-eng-WL-110-174612-12991917_28_25,65195
eng-NG-31-104877-11906915_149_5,eng-NG-31-104877-11906915_149_2,eng-NG-31-104877-11906915_149,Mathieu Amalric-Catherine Deneuve,f,eng-NG-31-104877-11906915_149_5-eng-NG-31-104877-11906915_149_2,257952
23837@8_27,23837@8_43,23837@8,Amy Poehler-Jenna Fischer,f,23837@8_27-23837@8_43,1583
eng-WL-109-174581-12950988_1378_9,eng-WL-109-174581-12950988_1378_13,eng-WL-109-174581-12950988_1378,Philip Seymour Hoffman-Tim Robbins,f,eng-WL-109-174581-12950988_1378_9-eng-WL-109-174581-12950988_1378_13,11640
AFP_ENG_20070924.0352.LDC2009T13_407_7,AFP_ENG_20070924.0352.LDC2009T13_407_11,AFP_ENG_20070924.0352.LDC2009T13_407,Jawaharlal Nehru-Indira Gandhi,f,AFP_ENG_20070924.0352.LDC2009T13_407_7-AFP_ENG_20070924.0352.LDC2009T13_407_11,98085
eng-WL-110-174612-12992696_64_58,eng-WL-110-174612-12992696_64_22,eng-WL-110-174612-12992696_64,Pharrell Williams-Christina Aguilera,f,eng-WL-110-174612-12992696_64_58-eng-WL-110-174612-12992696_64_22,184600
56239@7_51,56239@7_27,56239@7,Milton Berle-Johnny Carson,f,56239@7_51-56239@7_27,79993
APW_ENG_20070131.1028.LDC2009T13_287_14,APW_ENG_20070131.1028.LDC2009T13_287_6,APW_ENG_20070131.1028.LDC2009T13_287,Richard Burton-Willy Brandt,f,APW_ENG_20070131.1028.LDC2009T13_287_14-APW_ENG_20070131.1028.LDC2009T13_287_6,158636
APW_ENG_20080725.0111.LDC2009T13_862_54,APW_ENG_20080725.0111.LDC2009T13_862_7,APW_ENG_20080725.0111.LDC2009T13_862,John Graham-Joanna Shields,f,APW_ENG_20080725.0111.LDC2009T13_862_54-APW_ENG_20080725.0111.LDC2009T13_862_7,274091
LTW_ENG_20081024.0083.LDC2009T13_256_30,LTW_ENG_20081024.0083.LDC2009T13_256_79,LTW_ENG_20081024.0083.LDC2009T13_256,Susan Sarandon-Lynn Whitfield,f,LTW_ENG_20081024.0083.LDC2009T13_256_30-LTW_ENG_20081024.0083.LDC2009T13_256_79,244920
LTW_ENG_20070207.0085.LDC2009T13_598_8,LTW_ENG_20070207.0085.LDC2009T13_598_17,LTW_ENG_20070207.0085.LDC2009T13_598,John F. Kennedy-Robert F. Kennedy,f,LTW_ENG_20070207.0085.LDC2009T13_598_8-LTW_ENG_20070207.0085.LDC2009T13_598_17,71602
LTW_ENG_20080829.0094.LDC2009T13_187_44,LTW_ENG_20080829.0094.LDC2009T13_187_11,LTW_ENG_20080829.0094.LDC2009T13_187,Josh Brolin-Kate Capshaw,f,LTW_ENG_20080829.0094.LDC2009T13_187_44-LTW_ENG_20080829.0094.LDC2009T13_187_11,107015
eng-WL-110-174612-12992479_34_59,eng-WL-110-174612-12992479_34_14,eng-WL-110-174612-12992479_34,Jennifer Lopez-Janet Jackson,f,eng-WL-110-174612-12992479_34_59-eng-WL-110-174612-12992479_34_14,12902
APW_ENG_20071024.0066.LDC2009T13_51_37,APW_ENG_20071024.0066.LDC2009T13_51_0,APW_ENG_20071024.0066.LDC2009T13_51,Mel Brooks-Kelsey Grammer,f,APW_ENG_20071024.0066.LDC2009T13_51_37-APW_ENG_20071024.0066.LDC2009T13_51_0,120329
eng-WL-106-174566-12931288_23_39,eng-WL-106-174566-12931288_23_55,eng-WL-106-174566-12931288_23,Muhammad Ali-Yoko Ono,f,eng-WL-106-174566-12931288_23_39-eng-WL-106-174566-12931288_23_55,220530
23932@25_47,23932@25_31,23932@25,Bill Clinton-Clinton,f,23932@25_47-23932@25_31,270388
NYT_ENG_20070807.0065.LDC2009T13_851_17,NYT_ENG_20070807.0065.LDC2009T13_851_29,NYT_ENG_20070807.0065.LDC2009T13_851,Michael-James,f,NYT_ENG_20070807.0065.LDC2009T13_851_17-NYT_ENG_20070807.0065.LDC2009T13_851_29,168704
NYT_ENG_20080228.0142.LDC2009T13_649_58,NYT_ENG_20080228.0142.LDC2009T13_649_12,NYT_ENG_20080228.0142.LDC2009T13_649,Catherine-Mary Boleyn,f,NYT_ENG_20080228.0142.LDC2009T13_649_58-NYT_ENG_20080228.0142.LDC2009T13_649_12,265454
NYT_ENG_20080522.0184.LDC2009T13_909_22,NYT_ENG_20080522.0184.LDC2009T13_909_29,NYT_ENG_20080522.0184.LDC2009T13_909,Joan Cusack-Ben Kingsley,f,NYT_ENG_20080522.0184.LDC2009T13_909_22-NYT_ENG_20080522.0184.LDC2009T13_909_29,223635
eng-WL-110-174612-12992019_54_26,eng-WL-110-174612-12992019_54_12,eng-WL-110-174612-12992019_54,Mariah Carey-Jennifer Hudson,f,eng-WL-110-174612-12992019_54_26-eng-WL-110-174612-12992019_54_12,199816
56822@11_3,56822@11_5,56822@11,Daniel-Matthew Macfadyen,f,56822@11_3-56822@11_5,3421
XIN_ENG_20080313.0212.LDC2009T13_211_9,XIN_ENG_20080313.0212.LDC2009T13_211_12,XIN_ENG_20080313.0212.LDC2009T13_211,Deng Yingchao-Li Xiannian,f,XIN_ENG_20080313.0212.LDC2009T13_211_9-XIN_ENG_20080313.0212.LDC2009T13_211_12,127905
AFP_ENG_20080815.0729.LDC2009T13_8_35,AFP_ENG_20080815.0729.LDC2009T13_8_44,AFP_ENG_20080815.0729.LDC2009T13_8,Matthew Hayden-Mitchell Johnson,f,AFP_ENG_20080815.0729.LDC2009T13_8_35-AFP_ENG_20080815.0729.LDC2009T13_8_44,8462
eng-WL-110-174612-12992738_37_54,eng-WL-110-174612-12992738_37_61,eng-WL-110-174612-12992738_37,Swizz Beatz-Jennifer Hudson,f,eng-WL-110-174612-12992738_37_54-eng-WL-110-174612-12992738_37_61,106325
145328@42_3,145328@42_0,145328@42,Barack Obama-David Axelrod,f,145328@42_3-145328@42_0,248526
NYT_ENG_20080308.0119.LDC2009T13_435_27,NYT_ENG_20080308.0119.LDC2009T13_435_41,NYT_ENG_20080308.0119.LDC2009T13_435,Chelsea Clinton-Clinton,f,NYT_ENG_20080308.0119.LDC2009T13_435_27-NYT_ENG_20080308.0119.LDC2009T13_435_41,170156
APW_ENG_20080417.1395.LDC2009T13_208_0,APW_ENG_20080417.1395.LDC2009T13_208_6,APW_ENG_20080417.1395.LDC2009T13_208,John Adams II-John Quincy Adams,f,APW_ENG_20080417.1395.LDC2009T13_208_0-APW_ENG_20080417.1395.LDC2009T13_208_6,218794
eng-WL-110-174612-12993972_42_17,eng-WL-110-174612-12993972_42_31,eng-WL-110-174612-12993972_42,Jermaine Dupri-Aaliyah,f,eng-WL-110-174612-12993972_42_17-eng-WL-110-174612-12993972_42_31,198790
21619@24_17,21619@24_35,21619@24,Clinton-Clinton,f,21619@24_17-21619@24_35,229632
58165@32_39,58165@32_7,58165@32,Mike Huckabee-Hillary Rodham Clinton,f,58165@32_39-58165@32_7,212567
eng-WL-110-174612-12993658_15_51,eng-WL-110-174612-12993658_15_45,eng-WL-110-174612-12993658_15,Mariah Carey-Jermaine Dupri,f,eng-WL-110-174612-12993658_15_51-eng-WL-110-174612-12993658_15_45,259431
APW_ENG_20080705.0156.LDC2009T13_587_36,APW_ENG_20080705.0156.LDC2009T13_587_48,APW_ENG_20080705.0156.LDC2009T13_587,Praveen Kumar-Pragyan Ojha,f,APW_ENG_20080705.0156.LDC2009T13_587_36-APW_ENG_20080705.0156.LDC2009T13_587_48,199252
APW_ENG_20080206.0137.LDC2009T13_134_28,APW_ENG_20080206.0137.LDC2009T13_134_25,APW_ENG_20080206.0137.LDC2009T13_134,Al Gore-Joni Mitchell,f,APW_ENG_20080206.0137.LDC2009T13_134_28-APW_ENG_20080206.0137.LDC2009T13_134_25,219038
XIN_ENG_20080826.0139.LDC2009T13_23_14,XIN_ENG_20080826.0139.LDC2009T13_23_20,XIN_ENG_20080826.0139.LDC2009T13_23,Michael Sata-Levy Mwanawasa,f,XIN_ENG_20080826.0139.LDC2009T13_23_14-XIN_ENG_20080826.0139.LDC2009T13_23_20,132319
153636@27_30,153636@27_33,153636@27,James Dunn-Sally Eilers,f,153636@27_30-153636@27_33,212093
NYT_ENG_20070112.0081.LDC2009T13_667_3,NYT_ENG_20070112.0081.LDC2009T13_667_9,NYT_ENG_20070112.0081.LDC2009T13_667,John Cassavetes-Cassavetes,f,NYT_ENG_20070112.0081.LDC2009T13_667_3-NYT_ENG_20070112.0081.LDC2009T13_667_9,129371
38897@11_45,38897@11_38,38897@11,Leslie Lyles-Peter McRobbie,f,38897@11_45-38897@11_38,2487
LTW_ENG_20070629.0019.LDC2009T13_10_44,LTW_ENG_20070629.0019.LDC2009T13_10_53,LTW_ENG_20070629.0019.LDC2009T13_10,Toni Collette-Natasha Richardson,f,LTW_ENG_20070629.0019.LDC2009T13_10_44-LTW_ENG_20070629.0019.LDC2009T13_10_53,284741
NYT_ENG_20080215.0053.LDC2009T13_848_38,NYT_ENG_20080215.0053.LDC2009T13_848_40,NYT_ENG_20080215.0053.LDC2009T13_848,Michael-Gregory,f,NYT_ENG_20080215.0053.LDC2009T13_848_38-NYT_ENG_20080215.0053.LDC2009T13_848_40,14569
eng-NG-31-142893-10115879_416_0,eng-NG-31-142893-10115879_416_4,eng-NG-31-142893-10115879_416,Moses-Aaron,f,eng-NG-31-142893-10115879_416_0-eng-NG-31-142893-10115879_416_4,143091
77920@19_23,77920@19_20,77920@19,Geraldine Page-Jack Lemmon,f,77920@19_23-77920@19_20,231455
APW_ENG_20070711.1372.LDC2009T13_352_20,APW_ENG_20070711.1372.LDC2009T13_352_14,APW_ENG_20070711.1372.LDC2009T13_352,Demi Moore-Yoko Ono,f,APW_ENG_20070711.1372.LDC2009T13_352_20-APW_ENG_20070711.1372.LDC2009T13_352_14,6110
125840@50_68,125840@50_37,125840@50,Harry Crane-John Slattery,f,125840@50_68-125840@50_37,57790
NYT_ENG_20070920.0197.LDC2009T13_1501_47,NYT_ENG_20070920.0197.LDC2009T13_1501_9,NYT_ENG_20070920.0197.LDC2009T13_1501,Dorothy-Casey Affleck,f,NYT_ENG_20070920.0197.LDC2009T13_1501_47-NYT_ENG_20070920.0197.LDC2009T13_1501_9,208715
AFP_ENG_20070425.0723.LDC2009T13_218_15,AFP_ENG_20070425.0723.LDC2009T13_218_27,AFP_ENG_20070425.0723.LDC2009T13_218,Oprah Winfrey-Reese Witherspoon,f,AFP_ENG_20070425.0723.LDC2009T13_218_15-AFP_ENG_20070425.0723.LDC2009T13_218_27,194610
LTW_ENG_20070103.0130.LDC2009T13_122_30,LTW_ENG_20070103.0130.LDC2009T13_122_40,LTW_ENG_20070103.0130.LDC2009T13_122,John Lennon-Lennon,f,LTW_ENG_20070103.0130.LDC2009T13_122_30-LTW_ENG_20070103.0130.LDC2009T13_122_40,33764
NYT_ENG_20071004.0136.LDC2009T13_1115_32,NYT_ENG_20071004.0136.LDC2009T13_1115_26,NYT_ENG_20071004.0136.LDC2009T13_1115,Carlos Mencia-Rob Corddry,f,NYT_ENG_20071004.0136.LDC2009T13_1115_32-NYT_ENG_20071004.0136.LDC2009T13_1115_26,189563
APW_ENG_20071119.0704.LDC2009T13_19_5,APW_ENG_20071119.0704.LDC2009T13_19_17,APW_ENG_20071119.0704.LDC2009T13_19,Larry King-Marie Osmond,f,APW_ENG_20071119.0704.LDC2009T13_19_5-APW_ENG_20071119.0704.LDC2009T13_19_17,104077
APW_ENG_20080520.1457.LDC2009T13_890_5,APW_ENG_20080520.1457.LDC2009T13_890_27,APW_ENG_20080520.1457.LDC2009T13_890,Joseph-Robert F. Kennedy,f,APW_ENG_20080520.1457.LDC2009T13_890_5-APW_ENG_20080520.1457.LDC2009T13_890_27,104473
LTW_ENG_20070911.0015.LDC2009T13_652_28,LTW_ENG_20070911.0015.LDC2009T13_652_34,LTW_ENG_20070911.0015.LDC2009T13_652,Christian Bale-Julianne Moore,f,LTW_ENG_20070911.0015.LDC2009T13_652_28-LTW_ENG_20070911.0015.LDC2009T13_652_34,204913
LTW_ENG_20070830.0042.LDC2009T13_122_35,LTW_ENG_20070830.0042.LDC2009T13_122_29,LTW_ENG_20070830.0042.LDC2009T13_122,Paul-Moses,f,LTW_ENG_20070830.0042.LDC2009T13_122_35-LTW_ENG_20070830.0042.LDC2009T13_122_29,206304
LTW_ENG_20081024.0083.LDC2009T13_256_42,LTW_ENG_20081024.0083.LDC2009T13_256_33,LTW_ENG_20081024.0083.LDC2009T13_256,Maggie Gyllenhaal-Alfre Woodard,f,LTW_ENG_20081024.0083.LDC2009T13_256_42-LTW_ENG_20081024.0083.LDC2009T13_256_33,225557
eng-NG-31-146450-10408799_468_24,eng-NG-31-146450-10408799_468_17,eng-NG-31-146450-10408799_468,keri russell-keri russell,f,eng-NG-31-146450-10408799_468_24-eng-NG-31-146450-10408799_468_17,105559
82383@26_44,82383@26_59,82383@26,Randy Travis-Chris Dodd,f,82383@26_44-82383@26_59,176460
69927@21_46,69927@21_11,69927@21,Mitt Romney-Fred Thompson,f,69927@21_46-69927@21_11,231758
APW_ENG_20080203.0568.LDC2009T13_763_38,APW_ENG_20080203.0568.LDC2009T13_763_31,APW_ENG_20080203.0568.LDC2009T13_763,John F. Kennedy-Caroline Kennedy,f,APW_ENG_20080203.0568.LDC2009T13_763_38-APW_ENG_20080203.0568.LDC2009T13_763_31,254375
NYT_ENG_20080426.0103.LDC2009T13_905_27,NYT_ENG_20080426.0103.LDC2009T13_905_67,NYT_ENG_20080426.0103.LDC2009T13_905,Peter-Elizabeth,f,NYT_ENG_20080426.0103.LDC2009T13_905_27-NYT_ENG_20080426.0103.LDC2009T13_905_67,53531
AFP_ENG_20080818.0765.LDC2009T13_181_6,AFP_ENG_20080818.0765.LDC2009T13_181_22,AFP_ENG_20080818.0765.LDC2009T13_181,Zhang Ning-Xie Xingfang,f,AFP_ENG_20080818.0765.LDC2009T13_181_6-AFP_ENG_20080818.0765.LDC2009T13_181_22,43088
eng-NG-31-100626-11553130_346_21,eng-NG-31-100626-11553130_346_9,eng-NG-31-100626-11553130_346,Mary-Mary,f,eng-NG-31-100626-11553130_346_21-eng-NG-31-100626-11553130_346_9,26749
APW_ENG_20080919.0736.LDC2009T13_325_15,APW_ENG_20080919.0736.LDC2009T13_325_18,APW_ENG_20080919.0736.LDC2009T13_325,Mike Bryan-Mardy Fish,f,APW_ENG_20080919.0736.LDC2009T13_325_15-APW_ENG_20080919.0736.LDC2009T13_325_18,63026
NYT_ENG_20080717.0121.LDC2009T13_1599_51,NYT_ENG_20080717.0121.LDC2009T13_1599_74,NYT_ENG_20080717.0121.LDC2009T13_1599,Lee Smith-Emma Thomas,f,NYT_ENG_20080717.0121.LDC2009T13_1599_51-NYT_ENG_20080717.0121.LDC2009T13_1599_74,18049
NYT_ENG_20071019.0301.LDC2009T13_122_16,NYT_ENG_20071019.0301.LDC2009T13_122_31,NYT_ENG_20071019.0301.LDC2009T13_122,Elizabeth Taylor-Liv Ullmann,f,NYT_ENG_20071019.0301.LDC2009T13_122_16-NYT_ENG_20071019.0301.LDC2009T13_122_31,264395
119261@8_12,119261@8_14,119261@8,Barbara-Elizabeth Taylor,f,119261@8_12-119261@8_14,57224
APW_ENG_20070217.0110.LDC2009T13_234_18,APW_ENG_20070217.0110.LDC2009T13_234_27,APW_ENG_20070217.0110.LDC2009T13_234,Adam-Isaac,f,APW_ENG_20070217.0110.LDC2009T13_234_18-APW_ENG_20070217.0110.LDC2009T13_234_27,157305
2190@30_21,2190@30_28,2190@30,Claire Danes-Michelle Pfeiffer,f,2190@30_21-2190@30_28,78583
37077@49_42,37077@49_45,37077@49,Tom Baxter-Jeff Daniels,f,37077@49_42-37077@49_45,154621
AFP_ENG_20070827.0193.LDC2009T13_342_0,AFP_ENG_20070827.0193.LDC2009T13_342_7,AFP_ENG_20070827.0193.LDC2009T13_342,Yosano-Tekkan Yosano,f,AFP_ENG_20070827.0193.LDC2009T13_342_0-AFP_ENG_20070827.0193.LDC2009T13_342_7,176575
APW_ENG_20071207.0799.LDC2009T13_21_0,APW_ENG_20071207.0799.LDC2009T13_21_30,APW_ENG_20071207.0799.LDC2009T13_21,James Murdoch-Rupert Murdoch,f,APW_ENG_20071207.0799.LDC2009T13_21_0-APW_ENG_20071207.0799.LDC2009T13_21_30,25471
eng-WL-110-174612-12992738_37_14,eng-WL-110-174612-12992738_37_23,eng-WL-110-174612-12992738_37,Kelis-Madonna,f,eng-WL-110-174612-12992738_37_14-eng-WL-110-174612-12992738_37_23,50540
eng-NG-31-100616-11184402_221_5,eng-NG-31-100616-11184402_221_11,eng-NG-31-100616-11184402_221,Abraham-Jacob,f,eng-NG-31-100616-11184402_221_5-eng-NG-31-100616-11184402_221_11,100419
APW_ENG_20071026.0075.LDC2009T13_183_34,APW_ENG_20071026.0075.LDC2009T13_183_29,APW_ENG_20071026.0075.LDC2009T13_183,Angelina Jolie-Bob Geldof,f,APW_ENG_20071026.0075.LDC2009T13_183_34-APW_ENG_20071026.0075.LDC2009T13_183_29,120311
eng-NG-31-142978-10131159_190_38,eng-NG-31-142978-10131159_190_26,eng-NG-31-142978-10131159_190,Moses-Isaac,f,eng-NG-31-142978-10131159_190_38-eng-NG-31-142978-10131159_190_26,236285
LTW_ENG_20080528.0013.LDC2009T13_847_22,LTW_ENG_20080528.0013.LDC2009T13_847_8,LTW_ENG_20080528.0013.LDC2009T13_847,Wayne Brady-Wayne Brady,f,LTW_ENG_20080528.0013.LDC2009T13_847_22-LTW_ENG_20080528.0013.LDC2009T13_847_8,184581
56584@16_11,56584@16_9,56584@16,Peter Dinklage-Peter,f,56584@16_11-56584@16_9,251149
APW_ENG_20071124.0826.LDC2009T13_17_0,APW_ENG_20071124.0826.LDC2009T13_17_9,APW_ENG_20071124.0826.LDC2009T13_17,Eunice Kennedy Shriver-John F. Kennedy,f,APW_ENG_20071124.0826.LDC2009T13_17_0-APW_ENG_20071124.0826.LDC2009T13_17_9,253814
eng-WL-11-174595-12968396_3113_11,eng-WL-11-174595-12968396_3113_2,eng-WL-11-174595-12968396_3113,Rebecca Romijn-Debbie Reynolds,f,eng-WL-11-174595-12968396_3113_11-eng-WL-11-174595-12968396_3113_2,69896
NYT_ENG_20080513.0098.LDC2009T13_275_11,NYT_ENG_20080513.0098.LDC2009T13_275_19,NYT_ENG_20080513.0098.LDC2009T13_275,Mark Udall-Ken Salazar,f,NYT_ENG_20080513.0098.LDC2009T13_275_11-NYT_ENG_20080513.0098.LDC2009T13_275_19,262783
AFP_ENG_20080130.0773.LDC2009T13_385_26,AFP_ENG_20080130.0773.LDC2009T13_385_20,AFP_ENG_20080130.0773.LDC2009T13_385,David Hussey-Brad Hodge,f,AFP_ENG_20080130.0773.LDC2009T13_385_26-AFP_ENG_20080130.0773.LDC2009T13_385_20,81695
APW_ENG_20070630.0879.LDC2009T13_147_79,APW_ENG_20070630.0879.LDC2009T13_147_58,APW_ENG_20070630.0879.LDC2009T13_147,Venus Williams-Serena Williams,f,APW_ENG_20070630.0879.LDC2009T13_147_79-APW_ENG_20070630.0879.LDC2009T13_147_58,140245
APW_ENG_20071213.0075.LDC2009T13_411_10,APW_ENG_20071213.0075.LDC2009T13_411_24,APW_ENG_20071213.0075.LDC2009T13_411,Ethan Coen-Julian Schnabel,f,APW_ENG_20071213.0075.LDC2009T13_411_10-APW_ENG_20071213.0075.LDC2009T13_411_24,66435
112624@37_32,112624@37_35,112624@37,Don Cheadle-James Cromwell,f,112624@37_32-112624@37_35,57274
eng-NG-31-143146-10147088_1922_20,eng-NG-31-143146-10147088_1922_5,eng-NG-31-143146-10147088_1922,Adam-Moses,f,eng-NG-31-143146-10147088_1922_20-eng-NG-31-143146-10147088_1922_5,142123
eng-WL-11-174594-12963889_130_23,eng-WL-11-174594-12963889_130_70,eng-WL-11-174594-12963889_130,Al Gore-Kevin Bacon,f,eng-WL-11-174594-12963889_130_23-eng-WL-11-174594-12963889_130_70,200996
NYT_ENG_20081206.0132.LDC2009T13_1082_7,NYT_ENG_20081206.0132.LDC2009T13_1082_38,NYT_ENG_20081206.0132.LDC2009T13_1082,Vijay Singh-Arnold Palmer,f,NYT_ENG_20081206.0132.LDC2009T13_1082_7-NYT_ENG_20081206.0132.LDC2009T13_1082_38,72225
APW_ENG_20080815.0339.LDC2009T13_244_17,APW_ENG_20080815.0339.LDC2009T13_244_38,APW_ENG_20080815.0339.LDC2009T13_244,Brad Haddin-Andrew Symonds,f,APW_ENG_20080815.0339.LDC2009T13_244_17-APW_ENG_20080815.0339.LDC2009T13_244_38,8083
AFP_ENG_20070525.0213.LDC2009T13_74_3,AFP_ENG_20070525.0213.LDC2009T13_74_18,AFP_ENG_20070525.0213.LDC2009T13_74,Brad Pitt-Martin Scorsese,f,AFP_ENG_20070525.0213.LDC2009T13_74_3-AFP_ENG_20070525.0213.LDC2009T13_74_18,117179
eng-WL-110-174612-12993147_42_15,eng-WL-110-174612-12993147_42_49,eng-WL-110-174612-12993147_42,Deborah Cox-Janet Jackson,f,eng-WL-110-174612-12993147_42_15-eng-WL-110-174612-12993147_42_49,73203
AFP_ENG_20070227.0266.LDC2009T13_338_31,AFP_ENG_20070227.0266.LDC2009T13_338_34,AFP_ENG_20070227.0266.LDC2009T13_338,Andrew Symonds-Shane Warne,f,AFP_ENG_20070227.0266.LDC2009T13_338_31-AFP_ENG_20070227.0266.LDC2009T13_338_34,160402
APW_ENG_20080426.0798.LDC2009T13_165_36,APW_ENG_20080426.0798.LDC2009T13_165_32,APW_ENG_20080426.0798.LDC2009T13_165,Salman Rushdie-Ashlee Simpson,f,APW_ENG_20080426.0798.LDC2009T13_165_36-APW_ENG_20080426.0798.LDC2009T13_165_32,47186
NYT_ENG_20071207.0105.LDC2009T13_913_11,NYT_ENG_20071207.0105.LDC2009T13_913_14,NYT_ENG_20071207.0105.LDC2009T13_913,Larry David-Seth Green,f,NYT_ENG_20071207.0105.LDC2009T13_913_11-NYT_ENG_20071207.0105.LDC2009T13_913_14,205331
eng-WL-110-174612-12992019_54_60,eng-WL-110-174612-12992019_54_15,eng-WL-110-174612-12992019_54,Mark Ronson-Alicia Keys,f,eng-WL-110-174612-12992019_54_60-eng-WL-110-174612-12992019_54_15,257140
AFP_ENG_20071112.0468.LDC2009T13_428_3,AFP_ENG_20071112.0468.LDC2009T13_428_19,AFP_ENG_20071112.0468.LDC2009T13_428,Aung San-Aung San Suu Kyi,f,AFP_ENG_20071112.0468.LDC2009T13_428_3-AFP_ENG_20071112.0468.LDC2009T13_428_19,160389
LTW_ENG_20080818.0024.LDC2009T13_90_16,LTW_ENG_20080818.0024.LDC2009T13_90_11,LTW_ENG_20080818.0024.LDC2009T13_90,Ethel Kennedy-Rory Kennedy,f,LTW_ENG_20080818.0024.LDC2009T13_90_16-LTW_ENG_20080818.0024.LDC2009T13_90_11,31360
eng-NG-31-142775-10098013_507_33,eng-NG-31-142775-10098013_507_10,eng-NG-31-142775-10098013_507,Reburn-Reburn,f,eng-NG-31-142775-10098013_507_33-eng-NG-31-142775-10098013_507_10,237318
APW_ENG_20080924.1540.LDC2009T13_111_37,APW_ENG_20080924.1540.LDC2009T13_111_11,APW_ENG_20080924.1540.LDC2009T13_111,Vince Gill-Snoop Dogg,f,APW_ENG_20080924.1540.LDC2009T13_111_37-APW_ENG_20080924.1540.LDC2009T13_111_11,181001
NYT_ENG_20071116.0149.LDC2009T13_459_23,NYT_ENG_20071116.0149.LDC2009T13_459_26,NYT_ENG_20071116.0149.LDC2009T13_459,Geraldine Page-Hal Holbrook,f,NYT_ENG_20071116.0149.LDC2009T13_459_23-NYT_ENG_20071116.0149.LDC2009T13_459_26,17735
1938@37_23,1938@37_9,1938@37,Barbara Flynn-Ewan McGregor,f,1938@37_23-1938@37_9,133903
NYT_ENG_20070329.0169.LDC2009T13_924_17,NYT_ENG_20070329.0169.LDC2009T13_924_40,NYT_ENG_20070329.0169.LDC2009T13_924,Will Arnett-Jenna Fischer,f,NYT_ENG_20070329.0169.LDC2009T13_924_17-NYT_ENG_20070329.0169.LDC2009T13_924_40,204705
AFP_ENG_20080517.0074.LDC2009T13_43_42,AFP_ENG_20080517.0074.LDC2009T13_43_39,AFP_ENG_20080517.0074.LDC2009T13_43,Zhao Tao-Joan Chen,f,AFP_ENG_20080517.0074.LDC2009T13_43_42-AFP_ENG_20080517.0074.LDC2009T13_43_39,157593
134523@38_26,134523@38_32,134523@38,Bernard Malamud-Randall Jarrell,f,134523@38_26-134523@38_32,191259
AFP_ENG_20070222.0535.LDC2009T13_236_11,AFP_ENG_20070222.0535.LDC2009T13_236_25,AFP_ENG_20070222.0535.LDC2009T13_236,Paulina Porizkova-Ian Ziering,f,AFP_ENG_20070222.0535.LDC2009T13_236_11-AFP_ENG_20070222.0535.LDC2009T13_236_25,251488
NYT_ENG_20070626.0147.LDC2009T13_754_5,NYT_ENG_20070626.0147.LDC2009T13_754_8,NYT_ENG_20070626.0147.LDC2009T13_754,Vanessa Redgrave-Natasha Richardson,f,NYT_ENG_20070626.0147.LDC2009T13_754_5-NYT_ENG_20070626.0147.LDC2009T13_754_8,130710
eng-NG-31-147907-10553649_270_0,eng-NG-31-147907-10553649_270_27,eng-NG-31-147907-10553649_270,Madden-Kate Madden,f,eng-NG-31-147907-10553649_270_0-eng-NG-31-147907-10553649_270_27,6507
eng-NG-31-100498-11878385_902_16,eng-NG-31-100498-11878385_902_12,eng-NG-31-100498-11878385_902,David-Abraham,f,eng-NG-31-100498-11878385_902_16-eng-NG-31-100498-11878385_902_12,55562
eng-WL-11-174594-12961457_187_8,eng-WL-11-174594-12961457_187_3,eng-WL-11-174594-12961457_187,Jamie Lynn Spears-Britney Spears,f,eng-WL-11-174594-12961457_187_8-eng-WL-11-174594-12961457_187_3,143386
APW_ENG_20070522.1129.LDC2009T13_545_13,APW_ENG_20070522.1129.LDC2009T13_545_34,APW_ENG_20070522.1129.LDC2009T13_545,Billy Graham-Paige Patterson,f,APW_ENG_20070522.1129.LDC2009T13_545_13-APW_ENG_20070522.1129.LDC2009T13_545_34,143885
NYT_ENG_20070127.0002.LDC2009T13_531_53,NYT_ENG_20070127.0002.LDC2009T13_531_59,NYT_ENG_20070127.0002.LDC2009T13_531,Kevin Hart-Fred Willard,f,NYT_ENG_20070127.0002.LDC2009T13_531_53-NYT_ENG_20070127.0002.LDC2009T13_531_59,89479
APW_ENG_20080427.0151.LDC2009T13_368_28,APW_ENG_20080427.0151.LDC2009T13_368_40,APW_ENG_20080427.0151.LDC2009T13_368,Claire Danes-Salman Rushdie,f,APW_ENG_20080427.0151.LDC2009T13_368_28-APW_ENG_20080427.0151.LDC2009T13_368_40,143852
APW_ENG_20070909.0066.LDC2009T13_690_48,APW_ENG_20070909.0066.LDC2009T13_690_32,APW_ENG_20070909.0066.LDC2009T13_690,Johnny Depp-Mike Nichols,f,APW_ENG_20070909.0066.LDC2009T13_690_48-APW_ENG_20070909.0066.LDC2009T13_690_32,179977
eng-WL-11-174611-12980047_76_21,eng-WL-11-174611-12980047_76_54,eng-WL-11-174611-12980047_76,Kate Bosworth-Laura Linney,f,eng-WL-11-174611-12980047_76_21-eng-WL-11-174611-12980047_76_54,37913
eng-WL-110-174612-12991749_58_113,eng-WL-110-174612-12991749_58_181,eng-WL-110-174612-12991749_58,Kara DioGuardi-Sean,f,eng-WL-110-174612-12991749_58_113-eng-WL-110-174612-12991749_58_181,56554
115258@40_17,115258@40_25,115258@40,Sylvia-Sylvia,f,115258@40_17-115258@40_25,95369
129366@10_33,129366@10_47,129366@10,Obama-Obama,f,129366@10_33-129366@10_47,248178
AFP_ENG_20071221.0268.LDC2009T13_502_23,AFP_ENG_20071221.0268.LDC2009T13_502_16,AFP_ENG_20071221.0268.LDC2009T13_502,Ishmael-Abraham,f,AFP_ENG_20071221.0268.LDC2009T13_502_23-AFP_ENG_20071221.0268.LDC2009T13_502_16,105436
LTW_ENG_20080807.0017.LDC2009T13_454_55,LTW_ENG_20080807.0017.LDC2009T13_454_25,LTW_ENG_20080807.0017.LDC2009T13_454,Joe Wilson-Mary Steenburgen,f,LTW_ENG_20080807.0017.LDC2009T13_454_55-LTW_ENG_20080807.0017.LDC2009T13_454_25,227377
112475@14_35,112475@14_31,112475@14,Barack Obama-Rachael Ray,f,112475@14_35-112475@14_31,266773
APW_ENG_20070404.1056.LDC2009T13_436_12,APW_ENG_20070404.1056.LDC2009T13_436_28,APW_ENG_20070404.1056.LDC2009T13_436,Paul McCartney-Brigitte Bardot,f,APW_ENG_20070404.1056.LDC2009T13_436_12-APW_ENG_20070404.1056.LDC2009T13_436_28,216075
eng-NG-31-101177-10944963_814_9,eng-NG-31-101177-10944963_814_0,eng-NG-31-101177-10944963_814,Michael-James,f,eng-NG-31-101177-10944963_814_9-eng-NG-31-101177-10944963_814_0,256721
LTW_ENG_20080123.0159.LDC2009T13_401_27,LTW_ENG_20080123.0159.LDC2009T13_401_19,LTW_ENG_20080123.0159.LDC2009T13_401,Brad Paisley-Carrie Underwood,f,LTW_ENG_20080123.0159.LDC2009T13_401_27-LTW_ENG_20080123.0159.LDC2009T13_401_19,146686
APW_ENG_20081120.0818.LDC2009T13_247_13,APW_ENG_20081120.0818.LDC2009T13_247_40,APW_ENG_20081120.0818.LDC2009T13_247,Sachin Tendulkar-Munaf Patel,f,APW_ENG_20081120.0818.LDC2009T13_247_13-APW_ENG_20081120.0818.LDC2009T13_247_40,47984
NYT_ENG_20010322.0156.LDC2007T07_427_13,NYT_ENG_20010322.0156.LDC2007T07_427_21,NYT_ENG_20010322.0156.LDC2007T07_427,Mary-Mary,f,NYT_ENG_20010322.0156.LDC2007T07_427_13-NYT_ENG_20010322.0156.LDC2007T07_427_21,75181
NYT_ENG_20080213.0066.LDC2009T13_659_9,NYT_ENG_20080213.0066.LDC2009T13_659_22,NYT_ENG_20080213.0066.LDC2009T13_659,Jamie Bell-Samuel L. Jackson,f,NYT_ENG_20080213.0066.LDC2009T13_659_9-NYT_ENG_20080213.0066.LDC2009T13_659_22,111301
eng-WL-11-174579-12937351_34_9,eng-WL-11-174579-12937351_34_21,eng-WL-11-174579-12937351_34,Ellen DeGeneres-Jennifer Aniston,f,eng-WL-11-174579-12937351_34_9-eng-WL-11-174579-12937351_34_21,48441
99716@19_41,99716@19_28,99716@19,Barack Obama-Hillary Rodham Clinton,f,99716@19_41-99716@19_28,98549
LTW_ENG_20070225.0046.LDC2009T13_107_71,LTW_ENG_20070225.0046.LDC2009T13_107_32,LTW_ENG_20070225.0046.LDC2009T13_107,Marlon Wayans-Shawn Wayans,f,LTW_ENG_20070225.0046.LDC2009T13_107_71-LTW_ENG_20070225.0046.LDC2009T13_107_32,56383
6854@6_6,6854@6_34,6854@6,Liz Cheney-Cheney,f,6854@6_6-6854@6_34,156372
69955@14_71,69955@14_90,69955@14,John Gilbert-Frank Borzage,f,69955@14_71-69955@14_90,116843
eng-NG-31-102599-10999031_64_6,eng-NG-31-102599-10999031_64_0,eng-NG-31-102599-10999031_64,Faith Hill-Kenny Chesney,f,eng-NG-31-102599-10999031_64_6-eng-NG-31-102599-10999031_64_0,142033
133284@7_39,133284@7_14,133284@7,Geraldine Ferraro-Hillary Rodham Clinton,f,133284@7_39-133284@7_14,76467
eng-WL-11-174585-12938306_883_11,eng-WL-11-174585-12938306_883_30,eng-WL-11-174585-12938306_883,Ellen Burstyn-Anthony Hopkins,f,eng-WL-11-174585-12938306_883_11-eng-WL-11-174585-12938306_883_30,144558
56590@39_83,56590@39_95,56590@39,Bush-Bush,f,56590@39_83-56590@39_95,173615
eng-WL-110-174612-12992019_54_60,eng-WL-110-174612-12992019_54_33,eng-WL-110-174612-12992019_54,Mark Ronson-Will,f,eng-WL-110-174612-12992019_54_60-eng-WL-110-174612-12992019_54_33,257135
eng-NG-31-100029-10770733_528_18,eng-NG-31-100029-10770733_528_33,eng-NG-31-100029-10770733_528,Joan Rivers-Matt Lauer,f,eng-NG-31-100029-10770733_528_18-eng-NG-31-100029-10770733_528_33,36863
82383@26_67,82383@26_79,82383@26,Paul Newman-Michael Douglas,f,82383@26_67-82383@26_79,80628
NYT_ENG_20070920.0197.LDC2009T13_1501_50,NYT_ENG_20070920.0197.LDC2009T13_1501_2,NYT_ENG_20070920.0197.LDC2009T13_1501,Sam Rockwell-Brad Pitt,f,NYT_ENG_20070920.0197.LDC2009T13_1501_50-NYT_ENG_20070920.0197.LDC2009T13_1501_2,18549
AFP_ENG_20070607.0094.LDC2009T13_152_13,AFP_ENG_20070607.0094.LDC2009T13_152_7,AFP_ENG_20070607.0094.LDC2009T13_152,Bobby Deol-Dharmendra,f,AFP_ENG_20070607.0094.LDC2009T13_152_13-AFP_ENG_20070607.0094.LDC2009T13_152_7,276204
APW_ENG_20071213.0075.LDC2009T13_462_30,APW_ENG_20071213.0075.LDC2009T13_462_2,APW_ENG_20071213.0075.LDC2009T13_462,Ronald Harwood-Diablo Cody,f,APW_ENG_20071213.0075.LDC2009T13_462_30-APW_ENG_20071213.0075.LDC2009T13_462_2,274709
APW_ENG_20080815.0339.LDC2009T13_244_11,APW_ENG_20080815.0339.LDC2009T13_244_38,APW_ENG_20080815.0339.LDC2009T13_244,Nathan Bracken-Andrew Symonds,f,APW_ENG_20080815.0339.LDC2009T13_244_11-APW_ENG_20080815.0339.LDC2009T13_244_38,255622
32196@35_5,32196@35_26,32196@35,Fiona-Michael Murphy,f,32196@35_5-32196@35_26,21598
154470@38_1,154470@38_24,154470@38,Obama-Obama,f,154470@38_1-154470@38_24,115018
APW_ENG_20080524.0653.LDC2009T13_312_37,APW_ENG_20080524.0653.LDC2009T13_312_31,APW_ENG_20080524.0653.LDC2009T13_312,Sharon Tate-Debra Tate,f,APW_ENG_20080524.0653.LDC2009T13_312_37-APW_ENG_20080524.0653.LDC2009T13_312_31,139968
eng-NG-31-141847-9972498_863_13,eng-NG-31-141847-9972498_863_11,eng-NG-31-141847-9972498_863,Janet-Diane,f,eng-NG-31-141847-9972498_863_13-eng-NG-31-141847-9972498_863_11,88185
72297@21_46,72297@21_17,72297@21,Kevin McCarthy-Stella Arroyave,f,72297@21_46-72297@21_17,41690
AFP_ENG_20071218.0049.LDC2009T13_127_24,AFP_ENG_20071218.0049.LDC2009T13_127_30,AFP_ENG_20071218.0049.LDC2009T13_127,Denesh Ramdin-Darren Sammy,f,AFP_ENG_20071218.0049.LDC2009T13_127_24-AFP_ENG_20071218.0049.LDC2009T13_127_30,276178
1882@4_15,1882@4_19,1882@4,Bill Clinton-Chelsea Clinton,f,1882@4_15-1882@4_19,229238
NYT_ENG_20070205.0157.LDC2009T13_240_37,NYT_ENG_20070205.0157.LDC2009T13_240_18,NYT_ENG_20070205.0157.LDC2009T13_240,John Lennon-Paul McCartney,f,NYT_ENG_20070205.0157.LDC2009T13_240_37-NYT_ENG_20070205.0157.LDC2009T13_240_18,151963
60823@31_36,60823@31_29,60823@31,Phedon Papamichael-Elmore Leonard,f,60823@31_36-60823@31_29,212510
eng-NG-31-140124-9873231_16_8,eng-NG-31-140124-9873231_16_31,eng-NG-31-140124-9873231_16,Chris Long-Howie Long,f,eng-NG-31-140124-9873231_16_8-eng-NG-31-140124-9873231_16_31,283494
eng-WL-110-174612-12991749_58_82,eng-WL-110-174612-12991749_58_119,eng-WL-110-174612-12991749_58,Mary J. Blige-Gwen Stefani,f,eng-WL-110-174612-12991749_58_82-eng-WL-110-174612-12991749_58_119,112621
NYT_ENG_20070815.0038.LDC2009T13_143_35,NYT_ENG_20070815.0038.LDC2009T13_143_63,NYT_ENG_20070815.0038.LDC2009T13_143,Lauren Bacall-George Burns,f,NYT_ENG_20070815.0038.LDC2009T13_143_35-NYT_ENG_20070815.0038.LDC2009T13_143_63,243886
NYT_ENG_20070927.0170.LDC2009T13_1343_33,NYT_ENG_20070927.0170.LDC2009T13_1343_20,NYT_ENG_20070927.0170.LDC2009T13_1343,Penny Fuller-Hallie Foote,f,NYT_ENG_20070927.0170.LDC2009T13_1343_33-NYT_ENG_20070927.0170.LDC2009T13_1343_20,32105
eng-NG-31-143202-10159272_323_37,eng-NG-31-143202-10159272_323_9,eng-NG-31-143202-10159272_323,David Parker-Victoria Duffy,f,eng-NG-31-143202-10159272_323_37-eng-NG-31-143202-10159272_323_9,166331
AFP_ENG_20080202.0272.LDC2009T13_271_14,AFP_ENG_20080202.0272.LDC2009T13_271_29,AFP_ENG_20080202.0272.LDC2009T13_271,Robert Kennedy-Kennedy,f,AFP_ENG_20080202.0272.LDC2009T13_271_14-AFP_ENG_20080202.0272.LDC2009T13_271_29,118560
AFP_ENG_20080309.0112.LDC2009T13_347_24,AFP_ENG_20080309.0112.LDC2009T13_347_8,AFP_ENG_20080309.0112.LDC2009T13_347,Carla Bruni-Cecilia,f,AFP_ENG_20080309.0112.LDC2009T13_347_24-AFP_ENG_20080309.0112.LDC2009T13_347_8,118492
eng-WL-110-174612-12992696_64_16,eng-WL-110-174612-12992696_64_26,eng-WL-110-174612-12992696_64,Robin Thicke-Jermaine Dupri,f,eng-WL-110-174612-12992696_64_16-eng-WL-110-174612-12992696_64_26,260749
33710@8_11,33710@8_3,33710@8,Romney-Ann Romney,f,33710@8_11-33710@8_3,153222
NYT_ENG_20071024.0173.LDC2009T13_464_28,NYT_ENG_20071024.0173.LDC2009T13_464_21,NYT_ENG_20071024.0173.LDC2009T13_464,Fionnula Flanagan-Jeffrey Tambor,f,NYT_ENG_20071024.0173.LDC2009T13_464_28-NYT_ENG_20071024.0173.LDC2009T13_464_21,87165
AFP_ENG_20070525.0213.LDC2009T13_74_15,AFP_ENG_20070525.0213.LDC2009T13_74_6,AFP_ENG_20070525.0213.LDC2009T13_74,Jude Law-Leonardo DiCaprio,f,AFP_ENG_20070525.0213.LDC2009T13_74_15-AFP_ENG_20070525.0213.LDC2009T13_74_6,232366
149566@5_32,149566@5_51,149566@5,Barack Obama-Obama,f,149566@5_32-149566@5_51,58508
XIN_ENG_20081117.0102.LDC2009T13_254_28,XIN_ENG_20081117.0102.LDC2009T13_254_22,XIN_ENG_20081117.0102.LDC2009T13_254,Lee Kuan Yew-Goh Chok Tong,f,XIN_ENG_20081117.0102.LDC2009T13_254_28-XIN_ENG_20081117.0102.LDC2009T13_254_22,189377
1686@34_6,1686@34_18,1686@34,Jennifer Granholm-Carl Levin,f,1686@34_6-1686@34_18,58496
APW_ENG_20071116.0102.LDC2009T13_316_6,APW_ENG_20071116.0102.LDC2009T13_316_17,APW_ENG_20071116.0102.LDC2009T13_316,Laila Ali-Muhammad Ali,f,APW_ENG_20071116.0102.LDC2009T13_316_6-APW_ENG_20071116.0102.LDC2009T13_316_17,178592
APW_ENG_20080201.0077.LDC2009T13_311_33,APW_ENG_20080201.0077.LDC2009T13_311_6,APW_ENG_20080201.0077.LDC2009T13_311,Philip Seymour Hoffman-Sam Mendes,f,APW_ENG_20080201.0077.LDC2009T13_311_33-APW_ENG_20080201.0077.LDC2009T13_311_6,139936
148797@19_17,148797@19_30,148797@19,Gregory Jbara-Carole Shelley,f,148797@19_17-148797@19_30,114702
NYT_ENG_20080121.0019.LDC2009T13_41_14,NYT_ENG_20080121.0019.LDC2009T13_41_21,NYT_ENG_20080121.0019.LDC2009T13_41,Olivia Manning-Abby McGrew,f,NYT_ENG_20080121.0019.LDC2009T13_41_14-NYT_ENG_20080121.0019.LDC2009T13_41_21,74026
102122@21_57,102122@21_26,102122@21,Diane Schuur-Frank Sinatra,f,102122@21_57-102122@21_26,94814
APW_ENG_20070508.0246.LDC2009T13_49_28,APW_ENG_20070508.0246.LDC2009T13_49_35,APW_ENG_20070508.0246.LDC2009T13_49,Philip-Laura Bush,f,APW_ENG_20070508.0246.LDC2009T13_49_28-APW_ENG_20070508.0246.LDC2009T13_49_35,32193
59970@28_44,59970@28_50,59970@28,Chris Rock-George Clooney,f,59970@28_44-59970@28_50,77816
APW_ENG_20071225.0078.LDC2009T13_947_7,APW_ENG_20071225.0078.LDC2009T13_947_21,APW_ENG_20071225.0078.LDC2009T13_947,Peterson-Peterson,f,APW_ENG_20071225.0078.LDC2009T13_947_7-APW_ENG_20071225.0078.LDC2009T13_947_21,31472
APW_ENG_20070524.0883.LDC2009T13_361_6,APW_ENG_20070524.0883.LDC2009T13_361_36,APW_ENG_20070524.0883.LDC2009T13_361,Matt Damon-Toni Collette,f,APW_ENG_20070524.0883.LDC2009T13_361_6-APW_ENG_20070524.0883.LDC2009T13_361_36,26964
AFP_ENG_20081006.0454.LDC2009T13_261_12,AFP_ENG_20081006.0454.LDC2009T13_261_0,AFP_ENG_20081006.0454.LDC2009T13_261,Mehli Mehta-Zubin Mehta,f,AFP_ENG_20081006.0454.LDC2009T13_261_12-AFP_ENG_20081006.0454.LDC2009T13_261_0,41532
AFP_ENG_20080402.0707.LDC2009T13_447_2,AFP_ENG_20080402.0707.LDC2009T13_447_12,AFP_ENG_20080402.0707.LDC2009T13_447,Serena Williams-Venus Williams,f,AFP_ENG_20080402.0707.LDC2009T13_447_2-AFP_ENG_20080402.0707.LDC2009T13_447_12,121916
APW_ENG_20070822.1100.LDC2009T13_517_17,APW_ENG_20070822.1100.LDC2009T13_517_20,APW_ENG_20070822.1100.LDC2009T13_517,Javier Mascherano-Luis Gonzalez,f,APW_ENG_20070822.1100.LDC2009T13_517_17-APW_ENG_20070822.1100.LDC2009T13_517_20,180175
NYT_ENG_20070928.0137.LDC2009T13_28_6,NYT_ENG_20070928.0137.LDC2009T13_28_2,NYT_ENG_20070928.0137.LDC2009T13_28,Julie Benz-Michael C. Hall,f,NYT_ENG_20070928.0137.LDC2009T13_28_6-NYT_ENG_20070928.0137.LDC2009T13_28_2,206786
35870@49_16,35870@49_25,35870@49,Thomas Jefferson-Jefferson,f,35870@49_16-35870@49_25,97438
NYT_ENG_20080223.0157.LDC2009T13_231_44,NYT_ENG_20080223.0157.LDC2009T13_231_41,NYT_ENG_20080223.0157.LDC2009T13_231,Dennis Quaid-Lisa Kudrow,f,NYT_ENG_20080223.0157.LDC2009T13_231_44-NYT_ENG_20080223.0157.LDC2009T13_231_41,188299
92804@23_17,92804@23_10,92804@23,Michael Douglas-Michael Bloomberg,f,92804@23_17-92804@23_10,141272
eng-WL-110-174612-12993785_51_40,eng-WL-110-174612-12993785_51_43,eng-WL-110-174612-12993785_51,Toni Braxton-Frankie J,f,eng-WL-110-174612-12993785_51_40-eng-WL-110-174612-12993785_51_43,141680
eng-WL-11-174583-12935045_24_17,eng-WL-11-174583-12935045_24_28,eng-WL-11-174583-12935045_24,Elisabetta Canalis-Cindy Crawford,f,eng-WL-11-174583-12935045_24_17-eng-WL-11-174583-12935045_24_28,32158
LTW_ENG_20070414.0104.LDC2009T13_164_12,LTW_ENG_20070414.0104.LDC2009T13_164_14,LTW_ENG_20070414.0104.LDC2009T13_164,Mary-Mary,f,LTW_ENG_20070414.0104.LDC2009T13_164_12-LTW_ENG_20070414.0104.LDC2009T13_164_14,94216
NYT_ENG_20070321.0258.LDC2009T13_8_6,NYT_ENG_20070321.0258.LDC2009T13_8_19,NYT_ENG_20070321.0258.LDC2009T13_8,Hillary Rodham Clinton-Barack Obama,f,NYT_ENG_20070321.0258.LDC2009T13_8_6-NYT_ENG_20070321.0258.LDC2009T13_8_19,226755
eng-NG-31-101177-10944963_741_30,eng-NG-31-101177-10944963_741_24,eng-NG-31-101177-10944963_741,Thomas-David,f,eng-NG-31-101177-10944963_741_30-eng-NG-31-101177-10944963_741_24,99892
NYT_ENG_20071120.0080.LDC2009T13_282_12,NYT_ENG_20071120.0080.LDC2009T13_282_23,NYT_ENG_20071120.0080.LDC2009T13_282,Barack Obama-Ann Dunham,f,NYT_ENG_20071120.0080.LDC2009T13_282_12-NYT_ENG_20071120.0080.LDC2009T13_282_23,129667
eng-NG-31-142500-10052021_348_25,eng-NG-31-142500-10052021_348_60,eng-NG-31-142500-10052021_348,Cain-Cain,f,eng-NG-31-142500-10052021_348_25-eng-NG-31-142500-10052021_348_60,142551
APW_ENG_20080527.0149.LDC2009T13_398_47,APW_ENG_20080527.0149.LDC2009T13_398_39,APW_ENG_20080527.0149.LDC2009T13_398,Tom Cruise-Robert Mitchum,f,APW_ENG_20080527.0149.LDC2009T13_398_47-APW_ENG_20080527.0149.LDC2009T13_398_39,101919
eng-NG-31-126487-12055788_413_30,eng-NG-31-126487-12055788_413_36,eng-NG-31-126487-12055788_413,Helena Christensen-Mariella Frostrup,f,eng-NG-31-126487-12055788_413_30-eng-NG-31-126487-12055788_413_36,86538
NYT_ENG_20070722.0041.LDC2009T13_526_30,NYT_ENG_20070722.0041.LDC2009T13_526_7,NYT_ENG_20070722.0041.LDC2009T13_526,Charles-Sophia Loren,f,NYT_ENG_20070722.0041.LDC2009T13_526_30-NYT_ENG_20070722.0041.LDC2009T13_526_7,284324
eng-WL-11-174579-12936423_21_7,eng-WL-11-174579-12936423_21_21,eng-WL-11-174579-12936423_21,Paul McCartney-Uma Thurman,f,eng-WL-11-174579-12936423_21_7-eng-WL-11-174579-12936423_21_21,144153
eng-WL-11-174595-12967707_213_15,eng-WL-11-174595-12967707_213_36,eng-WL-11-174595-12967707_213,Nick Lachey-Drew Lachey,f,eng-WL-11-174595-12967707_213_15-eng-WL-11-174595-12967707_213_36,51114
AFP_ENG_20070227.0266.LDC2009T13_338_19,AFP_ENG_20070227.0266.LDC2009T13_338_31,AFP_ENG_20070227.0266.LDC2009T13_338,Dean Jones-Andrew Symonds,f,AFP_ENG_20070227.0266.LDC2009T13_338_19-AFP_ENG_20070227.0266.LDC2009T13_338_31,46822
eng-WL-110-174612-12993825_103_42,eng-WL-110-174612-12993825_103_60,eng-WL-110-174612-12993825_103,Toni Braxton-Angie Stone,f,eng-WL-110-174612-12993825_103_42-eng-WL-110-174612-12993825_103_60,259578
eng-NG-31-143446-10242527_405_12,eng-NG-31-143446-10242527_405_14,eng-NG-31-143446-10242527_405,Hur-Moses,f,eng-NG-31-143446-10242527_405_12-eng-NG-31-143446-10242527_405_14,29975
AFP_ENG_20081127.0748.LDC2009T13_100_27,AFP_ENG_20081127.0748.LDC2009T13_100_19,AFP_ENG_20081127.0748.LDC2009T13_100,Lee Hsien Loong-Lee Kuan Yew,f,AFP_ENG_20081127.0748.LDC2009T13_100_27-AFP_ENG_20081127.0748.LDC2009T13_100_19,64791
AFP_ENG_20080410.0043.LDC2009T13_10_5,AFP_ENG_20080410.0043.LDC2009T13_10_46,AFP_ENG_20080410.0043.LDC2009T13_10,Carla Bruni-Michel Comte,f,AFP_ENG_20080410.0043.LDC2009T13_10_5-AFP_ENG_20080410.0043.LDC2009T13_10_46,253692
eng-WL-110-174612-12992871_77_51,eng-WL-110-174612-12992871_77_18,eng-WL-110-174612-12992871_77,Keri Hilson-Claudette Ortiz,f,eng-WL-110-174612-12992871_77_51-eng-WL-110-174612-12992871_77_18,55900
APW_ENG_20070114.0222.LDC2009T13_183_79,APW_ENG_20070114.0222.LDC2009T13_183_88,APW_ENG_20070114.0222.LDC2009T13_183,Scott Styris-Daniel Vettori,f,APW_ENG_20070114.0222.LDC2009T13_183_79-APW_ENG_20070114.0222.LDC2009T13_183_88,167699
LTW_ENG_20070707.0069.LDC2009T13_253_18,LTW_ENG_20070707.0069.LDC2009T13_253_52,LTW_ENG_20070707.0069.LDC2009T13_253,Donald Trump-Catherine Zeta-Jones,f,LTW_ENG_20070707.0069.LDC2009T13_253_18-LTW_ENG_20070707.0069.LDC2009T13_253_52,167286
eng-WL-110-174612-12993753_8_64,eng-WL-110-174612-12993753_8_61,eng-WL-110-174612-12993753_8,Mariah Carey-Jermaine Dupri,f,eng-WL-110-174612-12993753_8_64-eng-WL-110-174612-12993753_8_61,283683
APW_ENG_20070617.0832.LDC2009T13_93_27,APW_ENG_20070617.0832.LDC2009T13_93_21,APW_ENG_20070617.0832.LDC2009T13_93,Katie Holmes-Victoria,f,APW_ENG_20070617.0832.LDC2009T13_93_27-APW_ENG_20070617.0832.LDC2009T13_93_21,195589
eng-WL-11-174583-12935045_24_28,eng-WL-11-174583-12935045_24_17,eng-WL-11-174583-12935045_24,Cindy Crawford-Elisabetta Canalis,f,eng-WL-11-174583-12935045_24_28-eng-WL-11-174583-12935045_24_17,165105
APW_ENG_20070114.0222.LDC2009T13_183_7,APW_ENG_20070114.0222.LDC2009T13_183_43,APW_ENG_20070114.0222.LDC2009T13_183,Nathan Astle-Chris Martin,f,APW_ENG_20070114.0222.LDC2009T13_183_7-APW_ENG_20070114.0222.LDC2009T13_183_43,14857
eng-WL-11-174611-12982917_191_35,eng-WL-11-174611-12982917_191_23,eng-WL-11-174611-12982917_191,Mamie Gummer-Matthew Lillard,f,eng-WL-11-174611-12982917_191_35-eng-WL-11-174611-12982917_191_23,148920
eng-WL-110-174612-12993478_97_4,eng-WL-110-174612-12993478_97_57,eng-WL-110-174612-12993478_97,Mary J. Blige-Monica,f,eng-WL-110-174612-12993478_97_4-eng-WL-110-174612-12993478_97_57,105984
eng-NG-31-149627-10595654_995_10,eng-NG-31-149627-10595654_995_22,eng-NG-31-149627-10595654_995,Jacob-Joseph,f,eng-NG-31-149627-10595654_995_10-eng-NG-31-149627-10595654_995_22,207010
NYT_ENG_20070506.0001.LDC2009T13_30_9,NYT_ENG_20070506.0001.LDC2009T13_30_0,NYT_ENG_20070506.0001.LDC2009T13_30,Red Skelton-Jackie Gleason,f,NYT_ENG_20070506.0001.LDC2009T13_30_9-NYT_ENG_20070506.0001.LDC2009T13_30_0,72635
103959@26_22,103959@26_50,103959@26,Penn Jillette-Steve Guttenberg,f,103959@26_22-103959@26_50,266969
NYT_ENG_20071020.0014.LDC2009T13_855_83,NYT_ENG_20071020.0014.LDC2009T13_855_17,NYT_ENG_20071020.0014.LDC2009T13_855,Don Wilson-Adam,f,NYT_ENG_20071020.0014.LDC2009T13_855_83-NYT_ENG_20071020.0014.LDC2009T13_855_17,132056
eng-WL-110-174612-12992452_59_14,eng-WL-110-174612-12992452_59_24,eng-WL-110-174612-12992452_59,Janet Jackson-Toni Braxton,f,eng-WL-110-174612-12992452_59_14-eng-WL-110-174612-12992452_59_24,259666
AFP_ENG_20071104.0232.LDC2009T13_40_16,AFP_ENG_20071104.0232.LDC2009T13_40_7,AFP_ENG_20071104.0232.LDC2009T13_40,Hosni Mubarak-Gamal Mubarak,f,AFP_ENG_20071104.0232.LDC2009T13_40_16-AFP_ENG_20071104.0232.LDC2009T13_40_7,51449
APW_ENG_20071003.0033.LDC2009T13_453_34,APW_ENG_20071003.0033.LDC2009T13_453_0,APW_ENG_20071003.0033.LDC2009T13_453,Dick DeVos-Prince,f,APW_ENG_20071003.0033.LDC2009T13_453_34-APW_ENG_20071003.0033.LDC2009T13_453_0,70836
NYT_ENG_20070208.0130.LDC2009T13_653_7,NYT_ENG_20070208.0130.LDC2009T13_653_2,NYT_ENG_20070208.0130.LDC2009T13_653,Thomas Harris-Peter Webber,f,NYT_ENG_20070208.0130.LDC2009T13_653_7-NYT_ENG_20070208.0130.LDC2009T13_653_2,122795
NYT_ENG_20080903.0081.LDC2009T13_762_38,NYT_ENG_20080903.0081.LDC2009T13_762_24,NYT_ENG_20080903.0081.LDC2009T13_762,Jeff Goldblum-Seth,f,NYT_ENG_20080903.0081.LDC2009T13_762_38-NYT_ENG_20080903.0081.LDC2009T13_762_24,187509
60823@31_36,60823@31_9,60823@31,Phedon Papamichael-James Mangold,f,60823@31_36-60823@31_9,212514
eng-WL-110-174612-12993964_34_61,eng-WL-110-174612-12993964_34_52,eng-WL-110-174612-12993964_34,Christina Milian-Justin Timberlake,f,eng-WL-110-174612-12993964_34_61-eng-WL-110-174612-12993964_34_52,65599
138871@0_36,138871@0_13,138871@0,David Duchovny-Julie Benz,f,138871@0_36-138871@0_13,1830
93681@30_2,93681@30_19,93681@30,Chad Michael Murray-Nathan Scott,f,93681@30_2-93681@30_19,41774
eng-WL-110-174612-12992620_141_40,eng-WL-110-174612-12992620_141_43,eng-WL-110-174612-12992620_141,Toni Braxton-Claudette Ortiz,f,eng-WL-110-174612-12992620_141_40-eng-WL-110-174612-12992620_141_43,183665
APW_ENG_20070207.1833.LDC2009T13_387_59,APW_ENG_20070207.1833.LDC2009T13_387_26,APW_ENG_20070207.1833.LDC2009T13_387,Joey Barton-Phil Neville,f,APW_ENG_20070207.1833.LDC2009T13_387_59-APW_ENG_20070207.1833.LDC2009T13_387_26,45345
eng-NG-31-141834-9971829_572_24,eng-NG-31-141834-9971829_572_60,eng-NG-31-141834-9971829_572,Martin Sheen-Julius Nyerere,f,eng-NG-31-141834-9971829_572_24-eng-NG-31-141834-9971829_572_60,30152
NYT_ENG_20080120.0027.LDC2009T13_2114_11,NYT_ENG_20080120.0027.LDC2009T13_2114_22,NYT_ENG_20080120.0027.LDC2009T13_2114,Ann Richards-Arnold Schwarzenegger,f,NYT_ENG_20080120.0027.LDC2009T13_2114_11-NYT_ENG_20080120.0027.LDC2009T13_2114_22,36571
eng-WL-108-174570-12989138_200_25,eng-WL-108-174570-12989138_200_31,eng-WL-108-174570-12989138_200,Natalie Imbruglia-Debbie Matenopoulos,f,eng-WL-108-174570-12989138_200_25-eng-WL-108-174570-12989138_200_31,29597
NYT_ENG_20070222.0017.LDC2009T13_399_14,NYT_ENG_20070222.0017.LDC2009T13_399_17,NYT_ENG_20070222.0017.LDC2009T13_399,Derek Jeter-Alex Rodriguez,f,NYT_ENG_20070222.0017.LDC2009T13_399_14-NYT_ENG_20070222.0017.LDC2009T13_399_17,223848
LTW_ENG_20081024.0083.LDC2009T13_256_54,LTW_ENG_20081024.0083.LDC2009T13_256_85,LTW_ENG_20081024.0083.LDC2009T13_256,Matthew Modine-Tom Fontana,f,LTW_ENG_20081024.0083.LDC2009T13_256_54-LTW_ENG_20081024.0083.LDC2009T13_256_85,110747
eng-WL-110-174612-12992659_83_24,eng-WL-110-174612-12992659_83_21,eng-WL-110-174612-12992659_83,Jennifer Hudson-Damon Thomas,f,eng-WL-110-174612-12992659_83_24-eng-WL-110-174612-12992659_83_21,169724
NYT_ENG_20070719.0024.LDC2009T13_214_14,NYT_ENG_20070719.0024.LDC2009T13_214_17,NYT_ENG_20070719.0024.LDC2009T13_214,Charlie Chaplin-Mary Pickford,f,NYT_ENG_20070719.0024.LDC2009T13_214_14-NYT_ENG_20070719.0024.LDC2009T13_214_17,15288
eng-WL-11-174585-12939928_12_19,eng-WL-11-174585-12939928_12_7,eng-WL-11-174585-12939928_12,Daisy Donovan-Keeley Hawes,f,eng-WL-11-174585-12939928_12_19-eng-WL-11-174585-12939928_12_7,10942
LTW_ENG_20080904.0084.LDC2009T13_195_0,LTW_ENG_20080904.0084.LDC2009T13_195_7,LTW_ENG_20080904.0084.LDC2009T13_195,Phillips-John Phillips,f,LTW_ENG_20080904.0084.LDC2009T13_195_0-LTW_ENG_20080904.0084.LDC2009T13_195_7,242367
27935@3_0,27935@3_42,27935@3,Clinton-Bill Clinton,f,27935@3_0-27935@3_42,96816
NYT_ENG_20070602.0029.LDC2009T13_76_59,NYT_ENG_20070602.0029.LDC2009T13_76_71,NYT_ENG_20070602.0029.LDC2009T13_76,Audrey Hepburn-Joan Collins,f,NYT_ENG_20070602.0029.LDC2009T13_76_59-NYT_ENG_20070602.0029.LDC2009T13_76_71,68331
APW_ENG_20070508.1278.LDC2009T13_254_41,APW_ENG_20070508.1278.LDC2009T13_254_0,APW_ENG_20070508.1278.LDC2009T13_254,Dario Franchitti-Michael Andretti,f,APW_ENG_20070508.1278.LDC2009T13_254_41-APW_ENG_20070508.1278.LDC2009T13_254_0,272255
AFP_ENG_20070201.0301.LDC2009T13_11_0,AFP_ENG_20070201.0301.LDC2009T13_11_9,AFP_ENG_20070201.0301.LDC2009T13_11,Nelson Mandela-Adelaide Tambo,f,AFP_ENG_20070201.0301.LDC2009T13_11_0-AFP_ENG_20070201.0301.LDC2009T13_11_9,272410
NYT_ENG_20080224.0003.LDC2009T13_412_41,NYT_ENG_20080224.0003.LDC2009T13_412_1,NYT_ENG_20080224.0003.LDC2009T13_412,Barack Obama-Cindy McCain,f,NYT_ENG_20080224.0003.LDC2009T13_412_41-NYT_ENG_20080224.0003.LDC2009T13_412_1,16299
APW_ENG_20080407.0566.LDC2009T13_108_25,APW_ENG_20080407.0566.LDC2009T13_108_28,APW_ENG_20080407.0566.LDC2009T13_108,Billy Crystal-Robin Williams,f,APW_ENG_20080407.0566.LDC2009T13_108_25-APW_ENG_20080407.0566.LDC2009T13_108_28,83786
LTW_ENG_20070825.0108.LDC2009T13_76_26,LTW_ENG_20070825.0108.LDC2009T13_76_32,LTW_ENG_20070825.0108.LDC2009T13_76,George Gobel-Jack Jones,f,LTW_ENG_20070825.0108.LDC2009T13_76_26-LTW_ENG_20070825.0108.LDC2009T13_76_32,260894
APW_ENG_20070717.0296.LDC2009T13_343_40,APW_ENG_20070717.0296.LDC2009T13_343_14,APW_ENG_20070717.0296.LDC2009T13_343,Al Gore-Meg Ryan,f,APW_ENG_20070717.0296.LDC2009T13_343_40-APW_ENG_20070717.0296.LDC2009T13_343_14,234699
65923@21_18,65923@21_10,65923@21,Julie Benz-Jennifer Carpenter,f,65923@21_18-65923@21_10,194308
39154@3_53,39154@3_59,39154@3,Janet Leigh-Audrey Hepburn,f,39154@3_53-39154@3_59,21722
LTW_ENG_20070105.0056.LDC2009T13_214_17,LTW_ENG_20070105.0056.LDC2009T13_214_6,LTW_ENG_20070105.0056.LDC2009T13_214,Deborah-David,f,LTW_ENG_20070105.0056.LDC2009T13_214_17-LTW_ENG_20070105.0056.LDC2009T13_214_6,146960
143306@0_27,143306@0_11,143306@0,John Turturro-Art Linson,f,143306@0_27-143306@0_11,114011
NYT_ENG_20081211.0099.LDC2009T13_1333_39,NYT_ENG_20081211.0099.LDC2009T13_1333_42,NYT_ENG_20081211.0099.LDC2009T13_1333,Kyle Eastwood-Michael Stevens,f,NYT_ENG_20081211.0099.LDC2009T13_1333_39-NYT_ENG_20081211.0099.LDC2009T13_1333_42,265513
134653@9_13,134653@9_52,134653@9,Oliver Stone-Sean Penn,f,134653@9_13-134653@9_52,267538
58388@29_1,58388@29_12,58388@29,Elizabeth Edwards-John black,f,58388@29_1-58388@29_12,41320
APW_ENG_20070709.0049.LDC2009T13_319_30,APW_ENG_20070709.0049.LDC2009T13_319_49,APW_ENG_20070709.0049.LDC2009T13_319,Esteban Cambiasso-Carlos Tevez,f,APW_ENG_20070709.0049.LDC2009T13_319_30-APW_ENG_20070709.0049.LDC2009T13_319_49,162327
eng-WL-110-174612-12991250_90_16,eng-WL-110-174612-12991250_90_3,eng-WL-110-174612-12991250_90,Britney Spears-James Morrison,f,eng-WL-110-174612-12991250_90_16-eng-WL-110-174612-12991250_90_3,122799
APW_ENG_20030821.0459.LDC2007T07_577_26,APW_ENG_20030821.0459.LDC2007T07_577_17,APW_ENG_20030821.0459.LDC2007T07_577,Majid-Hussein Kamel al-Majid,f,APW_ENG_20030821.0459.LDC2007T07_577_26-APW_ENG_20030821.0459.LDC2007T07_577_17,240594
NYT_ENG_20070313.0049.LDC2009T13_1059_32,NYT_ENG_20070313.0049.LDC2009T13_1059_29,NYT_ENG_20070313.0049.LDC2009T13_1059,Madonna-Eric Clapton,f,NYT_ENG_20070313.0049.LDC2009T13_1059_32-NYT_ENG_20070313.0049.LDC2009T13_1059_29,163585
NYT_ENG_20080321.0130.LDC2009T13_985_35,NYT_ENG_20080321.0130.LDC2009T13_985_50,NYT_ENG_20080321.0130.LDC2009T13_985,Michael-Tamela Mann,f,NYT_ENG_20080321.0130.LDC2009T13_985_35-NYT_ENG_20080321.0130.LDC2009T13_985_50,165414
LTW_ENG_20070717.0113.LDC2009T13_23_56,LTW_ENG_20070717.0113.LDC2009T13_23_63,LTW_ENG_20070717.0113.LDC2009T13_23,Tobey Maguire-Jamie Lee Curtis,f,LTW_ENG_20070717.0113.LDC2009T13_23_56-LTW_ENG_20070717.0113.LDC2009T13_23_63,109112
APW_ENG_20080825.0032.LDC2009T13_157_18,APW_ENG_20080825.0032.LDC2009T13_157_29,APW_ENG_20080825.0032.LDC2009T13_157,Angelina Jolie-Oliver Stone,f,APW_ENG_20080825.0032.LDC2009T13_157_18-APW_ENG_20080825.0032.LDC2009T13_157_29,123077
45172@25_28,45172@25_19,45172@25,Natasha Richardson-Toni Collette,f,45172@25_28-45172@25_19,135917
NYT_ENG_20070601.0142.LDC2009T13_536_37,NYT_ENG_20070601.0142.LDC2009T13_536_19,NYT_ENG_20070601.0142.LDC2009T13_536,Bill Cowher-Ty Murray,f,NYT_ENG_20070601.0142.LDC2009T13_536_37-NYT_ENG_20070601.0142.LDC2009T13_536_19,189306
LTW_ENG_20080829.0094.LDC2009T13_187_53,LTW_ENG_20080829.0094.LDC2009T13_187_11,LTW_ENG_20080829.0094.LDC2009T13_187,Annette Bening-Kate Capshaw,f,LTW_ENG_20080829.0094.LDC2009T13_187_53-LTW_ENG_20080829.0094.LDC2009T13_187_11,279377
NYT_ENG_20080302.0055.LDC2009T13_435_38,NYT_ENG_20080302.0055.LDC2009T13_435_43,NYT_ENG_20080302.0055.LDC2009T13_435,Frank McCourt-David Stern,f,NYT_ENG_20080302.0055.LDC2009T13_435_38-NYT_ENG_20080302.0055.LDC2009T13_435_43,19169
NYT_ENG_20080426.0103.LDC2009T13_905_34,NYT_ENG_20080426.0103.LDC2009T13_905_27,NYT_ENG_20080426.0103.LDC2009T13_905,Robert-Peter,f,NYT_ENG_20080426.0103.LDC2009T13_905_34-NYT_ENG_20080426.0103.LDC2009T13_905_27,90819
eng-WL-109-174581-12950834_17_46,eng-WL-109-174581-12950834_17_31,eng-WL-109-174581-12950834_17,Josh Hartnett-Tom Cruise,f,eng-WL-109-174581-12950834_17_46-eng-WL-109-174581-12950834_17_31,203570
eng-NG-31-132230-9438388_271_5,eng-NG-31-132230-9438388_271_9,eng-NG-31-132230-9438388_271,Abraham-Jacob,f,eng-NG-31-132230-9438388_271_5-eng-NG-31-132230-9438388_271_9,201710
73590@30_5,73590@30_25,73590@30,Cynthia Nixon-Vincent Pastore,f,73590@30_5-73590@30_25,60038
NYT_ENG_20070902.0160.LDC2009T13_1132_26,NYT_ENG_20070902.0160.LDC2009T13_1132_20,NYT_ENG_20070902.0160.LDC2009T13_1132,Ralph Lauren-Ralph Lauren,f,NYT_ENG_20070902.0160.LDC2009T13_1132_26-NYT_ENG_20070902.0160.LDC2009T13_1132_20,184630
NYT_ENG_20070222.0164.LDC2009T13_996_2,NYT_ENG_20070222.0164.LDC2009T13_996_47,NYT_ENG_20070222.0164.LDC2009T13_996,Michael Apted-Samuel Goldwyn,f,NYT_ENG_20070222.0164.LDC2009T13_996_2-NYT_ENG_20070222.0164.LDC2009T13_996_47,169176
eng-WL-11-174573-12960881_328_8,eng-WL-11-174573-12960881_328_1,eng-WL-11-174573-12960881_328,Amy Adams-Heath Ledger,f,eng-WL-11-174573-12960881_328_8-eng-WL-11-174573-12960881_328_1,106393
NYT_ENG_20070516.0109.LDC2009T13_577_31,NYT_ENG_20070516.0109.LDC2009T13_577_13,NYT_ENG_20070516.0109.LDC2009T13_577,Amy Poehler-Antonio Banderas,f,NYT_ENG_20070516.0109.LDC2009T13_577_31-NYT_ENG_20070516.0109.LDC2009T13_577_13,284908
148089@2_1,148089@2_10,148089@2,Bush-Laura Bush,f,148089@2_1-148089@2_10,1617
56239@7_38,56239@7_44,56239@7,Spencer Tracy-Edward G. Robinson,f,56239@7_38-56239@7_44,4283
79572@24_7,79572@24_13,79572@24,Roche-Roche de Aguiar,f,79572@24_7-79572@24_13,212340
eng-WL-11-174595-12967504_47_57,eng-WL-11-174595-12967504_47_38,eng-WL-11-174595-12967504_47,Joss Whedon-Amy Acker,f,eng-WL-11-174595-12967504_47_57-eng-WL-11-174595-12967504_47_38,221433
151030@22_21,151030@22_15,151030@22,Gary Cooper-John Wayne,f,151030@22_21-151030@22_15,95768
143079@36_50,143079@36_2,143079@36,Stanley Tucci-Robert De Niro,f,143079@36_50-143079@36_2,20294
48456@4_12,48456@4_37,48456@4,Jerry Hall-Charles,f,48456@4_12-48456@4_37,213035
LTW_ENG_20070713.0050.LDC2009T13_1070_21,LTW_ENG_20070713.0050.LDC2009T13_1070_8,LTW_ENG_20070713.0050.LDC2009T13_1070,Lemmon-Kasi Lemmons,f,LTW_ENG_20070713.0050.LDC2009T13_1070_21-LTW_ENG_20070713.0050.LDC2009T13_1070_8,35972
eng-NG-31-126487-12055788_413_21,eng-NG-31-126487-12055788_413_30,eng-NG-31-126487-12055788_413,Claudia Winkleman-Helena Christensen,f,eng-NG-31-126487-12055788_413_21-eng-NG-31-126487-12055788_413_30,163338
NYT_ENG_20071025.0121.LDC2009T13_878_4,NYT_ENG_20071025.0121.LDC2009T13_878_22,NYT_ENG_20071025.0121.LDC2009T13_878,Anthony Hopkins-Hopkins,f,NYT_ENG_20071025.0121.LDC2009T13_878_4-NYT_ENG_20071025.0121.LDC2009T13_878_22,242648
27935@12_33,27935@12_25,27935@12,John Edwards-Al Gore,f,27935@12_33-27935@12_25,249759
NYT_ENG_20080818.0004.LDC2009T13_576_0,NYT_ENG_20080818.0004.LDC2009T13_576_14,NYT_ENG_20080818.0004.LDC2009T13_576,Ruud-Bo Ruud,f,NYT_ENG_20080818.0004.LDC2009T13_576_0-NYT_ENG_20080818.0004.LDC2009T13_576_14,56049
45661@0_41,45661@0_29,45661@0,Hugh Dancy-Natasha Richardson,f,45661@0_41-45661@0_29,60183
APW_ENG_20070330.0161.LDC2009T13_15_3,APW_ENG_20070330.0161.LDC2009T13_15_16,APW_ENG_20070330.0161.LDC2009T13_15,Kevin Federline-Federline,f,APW_ENG_20070330.0161.LDC2009T13_15_3-APW_ENG_20070330.0161.LDC2009T13_15_16,100499
eng-NG-31-142898-10119885_1355_0,eng-NG-31-142898-10119885_1355_39,eng-NG-31-142898-10119885_1355,Sanjay Dutt-Eddie Murphy,f,eng-NG-31-142898-10119885_1355_0-eng-NG-31-142898-10119885_1355_39,237823
NYT_ENG_20071023.0141.LDC2009T13_86_48,NYT_ENG_20071023.0141.LDC2009T13_86_38,NYT_ENG_20071023.0141.LDC2009T13_86,Aaron Spelling-Tori Spelling,f,NYT_ENG_20071023.0141.LDC2009T13_86_48-NYT_ENG_20071023.0141.LDC2009T13_86_38,149341
17305@21_8,17305@21_20,17305@21,Joshua-Moses,f,17305@21_8-17305@21_20,1648
eng-WL-11-174588-12938737_6769_26,eng-WL-11-174588-12938737_6769_76,eng-WL-11-174588-12938737_6769,George Clooney-Kate Winslet,f,eng-WL-11-174588-12938737_6769_26-eng-WL-11-174588-12938737_6769_76,10410
38897@10_58,38897@10_32,38897@10,Elisabeth Shue-Chris Manley,f,38897@10_58-38897@10_32,212788
eng-WL-11-174643-12999808_630_13,eng-WL-11-174643-12999808_630_32,eng-WL-11-174643-12999808_630,Simon Monjack-Simon Monjack,f,eng-WL-11-174643-12999808_630_13-eng-WL-11-174643-12999808_630_32,279090
NYT_ENG_20070724.0065.LDC2009T13_628_18,NYT_ENG_20070724.0065.LDC2009T13_628_14,NYT_ENG_20070724.0065.LDC2009T13_628,Daniel Zelman-Glenn Kessler,f,NYT_ENG_20070724.0065.LDC2009T13_628_18-NYT_ENG_20070724.0065.LDC2009T13_628_14,70833
53484@39_35,53484@39_41,53484@39,Ulrich Thomsen-Alessandro Nivola,f,53484@39_35-53484@39_41,269843
LTW_ENG_20070214.0110.LDC2009T13_257_49,LTW_ENG_20070214.0110.LDC2009T13_257_4,LTW_ENG_20070214.0110.LDC2009T13_257,Joseph C. Wilson-Libby,f,LTW_ENG_20070214.0110.LDC2009T13_257_49-LTW_ENG_20070214.0110.LDC2009T13_257_4,68923
eng-WL-110-174612-12992150_63_43,eng-WL-110-174612-12992150_63_72,eng-WL-110-174612-12992150_63,Pharrell Williams-Janet Jackson,f,eng-WL-110-174612-12992150_63_43-eng-WL-110-174612-12992150_63_72,238923
eng-WL-11-174595-12967589_114_33,eng-WL-11-174595-12967589_114_52,eng-WL-11-174595-12967589_114,Peter Sarsgaard-Christian Slater,f,eng-WL-11-174595-12967589_114_33-eng-WL-11-174595-12967589_114_52,184130
eng-NG-31-100029-10770733_528_21,eng-NG-31-100029-10770733_528_30,eng-NG-31-100029-10770733_528,Donna Karan-Bill Cosby,f,eng-NG-31-100029-10770733_528_21-eng-NG-31-100029-10770733_528_30,245944
APW_ENG_20070701.0750.LDC2009T13_20_36,APW_ENG_20070701.0750.LDC2009T13_20_33,APW_ENG_20070701.0750.LDC2009T13_20,Bush-Laura Bush,f,APW_ENG_20070701.0750.LDC2009T13_20_36-APW_ENG_20070701.0750.LDC2009T13_20_33,43646
79168@20_8,79168@20_12,79168@20,Rudy Giuliani-John McCain,f,79168@20_8-79168@20_12,3016
NYT_ENG_20080218.0253.LDC2009T13_264_21,NYT_ENG_20080218.0253.LDC2009T13_264_13,NYT_ENG_20080218.0253.LDC2009T13_264,Tom Davis-Keno Davis,f,NYT_ENG_20080218.0253.LDC2009T13_264_21-NYT_ENG_20080218.0253.LDC2009T13_264_13,265691
APW_ENG_20080318.0864.LDC2009T13_363_28,APW_ENG_20080318.0864.LDC2009T13_363_18,APW_ENG_20080318.0864.LDC2009T13_363,Mills-Heather Mills,f,APW_ENG_20080318.0864.LDC2009T13_363_28-APW_ENG_20080318.0864.LDC2009T13_363_18,50987
AFP_ENG_20070427.0098.LDC2009T13_155_14,AFP_ENG_20070427.0098.LDC2009T13_155_11,AFP_ENG_20070427.0098.LDC2009T13_155,Leonardo DiCaprio-Oprah Winfrey,f,AFP_ENG_20070427.0098.LDC2009T13_155_14-AFP_ENG_20070427.0098.LDC2009T13_155_11,80325
eng-WL-110-174612-12993366_41_57,eng-WL-110-174612-12993366_41_13,eng-WL-110-174612-12993366_41,Jay-Z-Terry Lewis,f,eng-WL-110-174612-12993366_41_57-eng-WL-110-174612-12993366_41_13,70645
AFP_ENG_20070720.0248.LDC2009T13_79_16,AFP_ENG_20070720.0248.LDC2009T13_79_28,AFP_ENG_20070720.0248.LDC2009T13_79,Tim McGraw-Sherry Lansing,f,AFP_ENG_20070720.0248.LDC2009T13_79_16-AFP_ENG_20070720.0248.LDC2009T13_79_28,213565
LTW_ENG_20070925.0082.LDC2009T13_351_23,LTW_ENG_20070925.0082.LDC2009T13_351_17,LTW_ENG_20070925.0082.LDC2009T13_351,Mamie Gummer-Meryl Streep,f,LTW_ENG_20070925.0082.LDC2009T13_351_23-LTW_ENG_20070925.0082.LDC2009T13_351_17,257423
1316@43_2,1316@43_8,1316@43,Dick Cheney-Donald Rumsfeld,f,1316@43_2-1316@43_8,152365
NYT_ENG_20070309.0266.LDC2009T13_1096_13,NYT_ENG_20070309.0266.LDC2009T13_1096_9,NYT_ENG_20070309.0266.LDC2009T13_1096,Craig Hatkoff-Robert De Niro,f,NYT_ENG_20070309.0266.LDC2009T13_1096_13-NYT_ENG_20070309.0266.LDC2009T13_1096_9,15940
